{"iteration": [1, 2, 3, 4, 5, 6, 7, 8, 9, 10, 11, 12, 13, 14, 15, 16, 17, 18, 19, 20, 21, 22, 23, 24, 25], "batch": [1, 1, 1, 1, 1, 1, 1, 1, 1, 1, 1, 1, 1, 1, 1, 1, 1, 1, 1, 1, 1, 1, 1, 1, 1], "loss": [5.5394816398620605, 5.953701019287109, 6.076735973358154, 6.777400016784668, 4.592074871063232, 4.252274036407471, 5.482561111450195, 5.193315029144287, 5.180825710296631, 3.9577572345733643, 6.276020050048828, 6.362475395202637, 6.0962724685668945, 8.432653427124023, 9.479902267456055, 4.074579238891602, 5.312758922576904, 2.907759189605713, 3.9491536617279053, 3.7617452144622803, 3.6338558197021484, 3.551223039627075, 2.1944081783294678, 2.0097975730895996, 2.6212446689605713], "accuracy": []}