{"iteration": [1, 2, 3, 4, 5, 6, 7, 8, 9, 10, 11, 12, 13, 14, 15, 16, 17, 18, 19, 20, 21, 22, 23, 24, 25, 26, 27, 28, 29, 30, 31, 32, 33, 34, 35, 36, 37, 38, 39, 40, 41, 42, 43, 44, 45, 46, 47, 48, 49, 50, 51, 52, 53, 54, 55, 56, 57, 58, 59, 60, 61, 62, 63, 64, 65, 66, 67, 68, 69, 70, 71, 72, 73, 74, 75, 76, 77, 78, 79, 80, 81, 82, 83, 84, 85, 86, 87, 88, 89, 90, 91, 92, 93, 94, 95, 96, 97, 98, 99, 100, 101, 102, 103, 104, 105, 106, 107, 108, 109, 110, 111, 112, 113, 114, 115, 116, 117, 118, 119, 120, 121, 122, 123, 124, 125, 126, 127, 128, 129, 130, 131, 132, 133, 134, 135, 136, 137, 138, 139, 140, 141, 142, 143, 144, 145, 146, 147, 148, 149, 150, 151, 152, 153, 154, 155, 156, 157, 158, 159, 160, 161, 162, 163, 164, 165, 166, 167, 168, 169, 170, 171, 172, 173, 174, 175, 176, 177, 178, 179, 180, 181, 182, 183, 184, 185, 186, 187, 188, 189, 190, 191, 192, 193, 194, 195, 196, 197, 198, 199, 200], "batch": [1, 1, 1, 1, 1, 1, 1, 1, 1, 1, 1, 1, 1, 1, 1, 1, 1, 1, 1, 1, 1, 1, 1, 1, 1, 1, 1, 1, 1, 1, 1, 1, 1, 1, 1, 1, 1, 1, 1, 1, 1, 1, 1, 1, 1, 1, 1, 1, 1, 1, 1, 1, 1, 1, 1, 1, 1, 1, 1, 1, 1, 1, 1, 1, 1, 1, 1, 1, 1, 1, 1, 1, 1, 1, 1, 1, 1, 1, 1, 1, 1, 1, 1, 1, 1, 1, 1, 1, 1, 1, 1, 1, 1, 1, 1, 1, 1, 1, 1, 1, 1, 1, 1, 1, 1, 1, 1, 1, 1, 1, 1, 1, 1, 1, 1, 1, 1, 1, 1, 1, 1, 1, 1, 1, 1, 1, 1, 1, 1, 1, 1, 1, 1, 1, 1, 1, 1, 1, 1, 1, 1, 1, 1, 1, 1, 1, 1, 1, 1, 1, 1, 1, 1, 1, 1, 1, 1, 1, 1, 1, 1, 1, 1, 1, 1, 1, 1, 1, 1, 1, 1, 1, 1, 1, 1, 1, 1, 1, 1, 1, 1, 1, 1, 1, 1, 1, 1, 1, 1, 1, 1, 1, 1, 1, 1, 1, 1, 1, 1, 1], "loss": [10.1328125, 10.125, 10.2265625, 10.40625, 10.59375, 10.453125, 10.4296875, 10.5546875, 10.0390625, 10.3828125, 10.5, 10.46875, 10.28125, 10.5234375, 10.546875, 10.4609375, 10.5546875, 10.578125, 10.46875, 10.46875, 10.421875, 10.4765625, 10.46875, 10.1484375, 9.8359375, 10.046875, 10.296875, 9.6328125, 10.1953125, 10.1796875, 10.015625, 10.4921875, 10.515625, 10.3359375, 10.171875, 10.0625, 10.2421875, 10.3046875, 10.0078125, 9.859375, 10.2265625, 10.09375, 9.515625, 10.5, 10.3203125, 10.0625, 10.3203125, 10.140625, 10.3125, 10.296875, 9.9453125, 9.9453125, 10.5703125, 10.2421875, 10.1796875, 9.96875, 10.3828125, 9.625, 10.3671875, 10.375, 10.28125, 10.3671875, 10.0625, 9.921875, 10.4296875, 10.2734375, 10.2734375, 9.984375, 10.1875, 10.265625, 10.0, 9.9375, 9.7734375, 10.25, 9.8203125, 9.9453125, 9.9453125, 10.046875, 9.71875, 9.6015625, 9.8515625, 10.09375, 9.8046875, 9.7890625, 9.8125, 9.828125, 9.875, 9.875, 9.6640625, 9.7734375, 9.609375, 9.859375, 10.140625, 9.9140625, 9.9609375, 10.453125, 10.0078125, 10.03125, 10.359375, 9.796875, 9.90625, 10.4296875, 10.25, 9.9453125, 10.1328125, 10.3515625, 10.3203125, 10.21875, 9.953125, 10.4921875, 10.390625, 10.1640625, 9.9296875, 9.890625, 10.0859375, 10.515625, 10.34375, 10.21875, 10.2734375, 10.4921875, 9.96875, 10.21875, 10.234375, 10.109375, 10.4375, 10.71875, 9.9609375, 10.7578125, 10.1953125, 10.390625, 10.4296875, 9.671875, 9.875, 10.2421875, 9.8671875, 10.34375, 10.15625, 9.8515625, 10.1171875, 10.3203125, 9.9765625, 10.3046875, 10.1328125, 10.3046875, 10.2421875, 10.3515625, 10.203125, 9.8125, 10.3359375, 10.0234375, 10.0, 10.0078125, 10.3828125, 9.96875, 9.890625, 10.25, 10.2890625, 10.1484375, 10.125, 10.1875, 10.0859375, 9.8046875, 9.9921875, 10.1171875, 10.125, 9.859375, 10.421875, 9.8203125, 10.203125, 9.8359375, 10.1953125, 10.1015625, 10.1875, 10.09375, 10.4921875, 10.3671875, 10.5234375, 10.546875, 10.1796875, 10.234375, 10.140625, 10.03125, 9.625, 9.625, 9.640625, 9.671875, 9.6953125, 9.7109375, 9.5546875, 9.6171875, 9.5, 9.5390625, 10.0703125, 10.3203125, 10.203125, 9.78125, 10.5234375, 10.15625, 10.2890625, 10.046875], "accuracy": []}