{"iteration": [1, 2, 3, 4, 5, 6, 7, 8, 9, 10, 11, 12, 13, 14, 15, 16, 17, 18, 19, 20, 21, 22, 23, 24, 25, 26, 27, 28, 29, 30, 31, 32, 33, 34, 35, 36, 37, 38, 39, 40, 41, 42, 43, 44, 45, 46, 47, 48, 49, 50, 51, 52, 53, 54, 55, 56, 57, 58, 59, 60, 61, 62, 63, 64, 65, 66, 67, 68, 69, 70, 71, 72, 73, 74, 75, 76, 77, 78, 79, 80, 81, 82, 83, 84, 85, 86, 87, 88, 89, 90, 91, 92, 93, 94, 95, 96, 97, 98, 99, 100], "batch": [1, 1, 1, 1, 1, 1, 1, 1, 1, 1, 1, 1, 1, 1, 1, 1, 1, 1, 1, 1, 1, 1, 1, 1, 1, 1, 1, 1, 1, 1, 1, 1, 1, 1, 1, 1, 1, 1, 1, 1, 1, 1, 1, 1, 1, 1, 1, 1, 1, 1, 1, 1, 1, 1, 1, 1, 1, 1, 1, 1, 1, 1, 1, 1, 1, 1, 1, 1, 1, 1, 1, 1, 1, 1, 1, 1, 1, 1, 1, 1, 1, 1, 1, 1, 1, 1, 1, 1, 1, 1, 1, 1, 1, 1, 1, 1, 1, 1, 1, 1], "loss": [3.00203800201416, 3.2389461994171143, 4.112103462219238, 3.7695558071136475, 4.8079681396484375, 5.7382001876831055, 7.107052803039551, 7.096337795257568, 7.061729431152344, 6.157873630523682, 3.3925740718841553, 2.5295262336730957, 2.8645236492156982, 2.752634286880493, 2.8894665241241455, 2.995591640472412, 2.936230421066284, 2.220074415206909, 2.1360814571380615, 1.8760584592819214, 2.2111310958862305, 1.8304729461669922, 1.9450747966766357, 2.2061960697174072, 1.9308927059173584, 1.9214688539505005, 2.500307321548462, 2.4038712978363037, 1.471481204032898, 2.863095760345459, 5.569055080413818, 5.563602924346924, 5.011852264404297, 4.537415027618408, 3.2585129737854004, 3.1678202152252197, 1.3601607084274292, 2.7613861560821533, 1.9324162006378174, 1.897517204284668, 1.944955587387085, 2.3148953914642334, 2.00187349319458, 1.3363617658615112, 2.512648344039917, 2.3657102584838867, 2.5847115516662598, 3.897094488143921, 1.6041500568389893, 0.9127016067504883, 3.3188602924346924, 5.023406505584717, 2.771054267883301, 4.521846294403076, 4.697755336761475, 2.4005911350250244, 4.5086517333984375, 2.7731993198394775, 3.3290600776672363, 2.4140818119049072, 5.174172401428223, 4.9750566482543945, 2.5315654277801514, 4.883647441864014, 3.485011100769043, 3.5987212657928467, 3.275481939315796, 2.2083821296691895, 2.9745521545410156, 3.937861442565918, 3.5765068531036377, 4.831003189086914, 3.953514814376831, 5.276421070098877, 3.844855546951294, 3.0309135913848877, 1.4310736656188965, 2.0741047859191895, 3.5730528831481934, 5.525632381439209, 6.157112121582031, 2.9370357990264893, 5.025862693786621, 5.078321933746338, 5.0051798820495605, 3.4745757579803467, 4.066895484924316, 2.146968126296997, 3.7363483905792236, 3.3539798259735107, 4.088805198669434, 4.043598651885986, 4.133396148681641, 3.143329620361328, 3.5915400981903076, 2.394512891769409, 4.486235618591309, 2.213102102279663, 2.11413836479187, 2.191197633743286], "accuracy": []}