{"iteration": [1, 1, 1, 1, 1, 1, 1, 1, 1, 1, 1, 1, 1, 1, 1, 1, 1, 1, 1, 1, 1, 1, 1, 1, 1, 1, 1, 1, 1, 1, 2, 2, 2, 2, 2, 2, 2, 2, 2, 2, 2, 2, 2, 2, 2, 2, 2, 2, 2, 2, 2, 2, 2, 2, 2, 2, 2, 2, 2, 2], "batch": [1, 2, 3, 4, 5, 6, 7, 8, 9, 10, 11, 12, 13, 14, 15, 16, 17, 18, 19, 20, 21, 22, 23, 24, 25, 26, 27, 28, 29, 30, 1, 2, 3, 4, 5, 6, 7, 8, 9, 10, 11, 12, 13, 14, 15, 16, 17, 18, 19, 20, 21, 22, 23, 24, 25, 26, 27, 28, 29, 30], "loss": [3.3090901374816895, 3.3044309616088867, 3.2763891220092773, 3.251291275024414, 3.219161033630371, 3.174309730529785, 3.1488704681396484, 3.0863521099090576, 3.0579335689544678, 3.0137734413146973, 2.965702533721924, 2.917205572128296, 2.873082160949707, 2.8228111267089844, 2.779426097869873, 2.7325384616851807, 2.699470043182373, 2.6569254398345947, 2.618712902069092, 2.578329563140869, 2.5491273403167725, 2.5146126747131348, 2.4862117767333984, 2.4571993350982666, 2.4367589950561523, 2.411961078643799, 2.3875701427459717, 2.360623598098755, 2.34328556060791, 2.325333595275879, 4.099280834197998, 4.085396766662598, 4.074069023132324, 4.059268951416016, 4.053666114807129, 4.041878700256348, 4.0373969078063965, 4.028925895690918, 4.024208068847656, 4.015493392944336, 4.009832859039307, 4.003664970397949, 4.000988483428955, 3.9939122200012207, 3.991072177886963, 3.9847230911254883, 3.980886220932007, 3.9776899814605713, 3.972827672958374, 3.9739465713500977, 3.9653337001800537, 3.9649651050567627, 3.9613795280456543, 3.9573962688446045, 3.957345485687256, 3.954408645629883, 3.951645612716675, 3.95033597946167, 3.9499964714050293, 3.9471240043640137], "accuracy": []}