{"iteration": [1, 1, 1, 1, 1, 1, 1, 1, 1, 1, 2, 2, 2, 2, 2, 2, 2, 2, 2, 2], "batch": [1, 2, 3, 4, 5, 6, 7, 8, 9, 10, 1, 2, 3, 4, 5, 6, 7, 8, 9, 10], "loss": [1.3514528274536133, 0.4077703058719635, 0.38481542468070984, 0.3791441023349762, 0.37853407859802246, 0.37421488761901855, 0.37265732884407043, 0.37063068151474, 0.36669865250587463, 0.3651622533798218, 4.386649131774902, 4.231134414672852, 4.118005752563477, 4.038969993591309, 3.9850945472717285, 3.938561201095581, 3.8843698501586914, 3.8322694301605225, 3.7706804275512695, 3.7180798053741455], "accuracy": []}