{"iteration": [1, 2, 3, 4, 5, 6, 7, 8, 9, 10, 11, 12, 13, 14, 15, 16, 17, 18, 19, 20, 21, 22, 23, 24, 25, 26, 27, 28, 29, 30, 31, 32, 33, 34, 35, 36, 37, 38, 39, 40, 41, 42, 43, 44, 45, 46, 47, 48, 49, 50, 51, 52, 53, 54, 55, 56, 57, 58, 59, 60, 61, 62, 63, 64, 65, 66, 67, 68, 69, 70, 71, 72, 73, 74, 75, 76, 77, 78, 79, 80, 81, 82, 83, 84, 85, 86, 87, 88, 89, 90, 91, 92, 93, 94, 95, 96, 97, 98, 99, 100], "batch": [1, 1, 1, 1, 1, 1, 1, 1, 1, 1, 1, 1, 1, 1, 1, 1, 1, 1, 1, 1, 1, 1, 1, 1, 1, 1, 1, 1, 1, 1, 1, 1, 1, 1, 1, 1, 1, 1, 1, 1, 1, 1, 1, 1, 1, 1, 1, 1, 1, 1, 1, 1, 1, 1, 1, 1, 1, 1, 1, 1, 1, 1, 1, 1, 1, 1, 1, 1, 1, 1, 1, 1, 1, 1, 1, 1, 1, 1, 1, 1, 1, 1, 1, 1, 1, 1, 1, 1, 1, 1, 1, 1, 1, 1, 1, 1, 1, 1, 1, 1], "loss": [2.3866586685180664, 2.593388795852661, 3.6266720294952393, 3.240314245223999, 4.326821804046631, 5.339352130889893, 6.82958459854126, 6.798913478851318, 6.795001983642578, 5.8062238693237305, 2.877347946166992, 1.9185068607330322, 2.3343751430511475, 2.226501703262329, 2.3861329555511475, 2.5029001235961914, 2.4844367504119873, 1.7138597965240479, 1.6677114963531494, 1.401178002357483, 1.778971552848816, 1.4310102462768555, 1.5804884433746338, 1.8829344511032104, 1.603610873222351, 1.636238932609558, 2.233858823776245, 2.158168077468872, 1.2135893106460571, 2.65326189994812, 5.444632053375244, 5.4380202293396, 4.9026899337768555, 4.413553237915039, 3.135097026824951, 3.035870313644409, 1.2074044942855835, 2.660297393798828, 1.8229466676712036, 1.8016347885131836, 1.8459503650665283, 2.240877628326416, 1.9238380193710327, 1.2396773099899292, 2.453268527984619, 2.30014967918396, 2.533344030380249, 3.8371741771698, 1.5309361219406128, 0.8386730551719666, 3.28456449508667, 4.993045330047607, 2.717388391494751, 4.496478080749512, 4.676346778869629, 2.3378894329071045, 4.488491535186768, 2.7420969009399414, 3.2831149101257324, 2.37777042388916, 5.150572299957275, 4.963878154754639, 2.5025601387023926, 4.832836627960205, 3.472766637802124, 3.570117235183716, 3.2351913452148438, 2.1780269145965576, 2.9420409202575684, 3.922293186187744, 3.558912754058838, 4.804172515869141, 3.9245190620422363, 5.2527546882629395, 3.8146204948425293, 3.014589309692383, 1.4001048803329468, 2.042813301086426, 3.5156984329223633, 5.476869106292725, 6.101681709289551, 2.9220099449157715, 4.97169303894043, 5.0158867835998535, 4.999324321746826, 3.457310199737549, 4.032001972198486, 2.1194045543670654, 3.712374210357666, 3.3289072513580322, 4.055136680603027, 4.011168003082275, 4.118114948272705, 3.1204488277435303, 3.584496259689331, 2.3779456615448, 4.467833518981934, 2.1824095249176025, 2.089688301086426, 2.1692276000976562], "accuracy": []}