{"iteration": [1, 2, 3, 4, 5, 6, 7, 8, 9, 10, 11, 12, 13, 14, 15, 16, 17, 18, 19, 20, 21, 22, 23, 24, 25, 26, 27, 28, 29, 30, 31, 32, 33, 34, 35, 36, 37, 38, 39, 40, 41, 42, 43, 44, 45, 46, 47, 48, 49, 50, 51, 52, 53, 54, 55, 56, 57, 58, 59, 60, 61, 62, 63, 64, 65, 66, 67, 68, 69, 70, 71, 72, 73, 74, 75, 76, 77, 78, 79, 80, 81, 82, 83, 84, 85, 86, 87, 88, 89, 90, 91, 92, 93, 94, 95, 96, 97, 98, 99, 100], "batch": [1, 1, 1, 1, 1, 1, 1, 1, 1, 1, 1, 1, 1, 1, 1, 1, 1, 1, 1, 1, 1, 1, 1, 1, 1, 1, 1, 1, 1, 1, 1, 1, 1, 1, 1, 1, 1, 1, 1, 1, 1, 1, 1, 1, 1, 1, 1, 1, 1, 1, 1, 1, 1, 1, 1, 1, 1, 1, 1, 1, 1, 1, 1, 1, 1, 1, 1, 1, 1, 1, 1, 1, 1, 1, 1, 1, 1, 1, 1, 1, 1, 1, 1, 1, 1, 1, 1, 1, 1, 1, 1, 1, 1, 1, 1, 1, 1, 1, 1, 1], "loss": [12.3646240234375, 12.24454116821289, 11.853891372680664, 11.674102783203125, 11.130677223205566, 10.391888618469238, 10.285497665405273, 9.378809928894043, 7.397278308868408, 6.230390548706055, 4.791617393493652, 3.966062545776367, 4.057437896728516, 3.9565048217773438, 3.451099395751953, 2.4932150840759277, 3.2801945209503174, 2.4703891277313232, 1.3340331315994263, 1.2417774200439453, 6.256072521209717, 2.78216290473938, 1.2461470365524292, 8.103771209716797, 3.590665578842163, 5.378173828125, 8.497618675231934, 6.648279666900635, 7.538360118865967, 10.283196449279785, 2.9083919525146484, 1.2394018173217773, 3.7357914447784424, 3.604217767715454, 0.5025404691696167, 0.9776309728622437, 1.7244577407836914, 2.758456230163574, 2.5416574478149414, 1.5453935861587524, 1.8657160997390747, 2.174588203430176, 2.083489179611206, 1.949392557144165, 0.5206651091575623, 0.33289045095443726, 0.33929458260536194, 0.30391740798950195, 0.8283701539039612, 1.5385206937789917, 2.2199199199676514, 0.6103501319885254, 0.44546645879745483, 0.4827139973640442, 0.6021562218666077, 1.1905505657196045, 0.729354202747345, 0.988673210144043, 0.7027682065963745, 0.9291322231292725, 1.4996347427368164, 1.6357362270355225, 1.6151070594787598, 0.43128323554992676, 1.1795254945755005, 1.905178189277649, 1.9825072288513184, 1.161881923675537, 1.2107722759246826, 1.9194387197494507, 1.0751208066940308, 2.449432373046875, 1.7530932426452637, 2.048292875289917, 1.3193963766098022, 1.449422836303711, 1.8650026321411133, 0.817539632320404, 0.580717921257019, 0.6162492036819458, 1.2481697797775269, 1.528146505355835, 1.606614589691162, 1.263863205909729, 1.3448591232299805, 1.3113188743591309, 1.4674502611160278, 1.0143378973007202, 1.2395813465118408, 1.0030238628387451, 1.413786768913269, 1.4040929079055786, 1.3608940839767456, 1.7114291191101074, 1.5870349407196045, 0.6348068714141846, 0.4466516971588135, 0.7510173916816711, 0.49507609009742737, 0.3727211654186249], "accuracy": []}