{"iteration": [1, 2, 3, 4, 5, 6, 7, 8, 9, 10, 11, 12, 13, 14, 15, 16, 17, 18, 19, 20, 21, 22, 23, 24, 25, 26, 27, 28, 29, 30, 31, 32, 33, 34, 35, 36, 37, 38, 39, 40, 41, 42, 43, 44, 45, 46, 47, 48, 49, 50, 51, 52, 53, 54, 55, 56, 57, 58, 59, 60, 61, 62, 63, 64, 65, 66, 67, 68, 69, 70, 71, 72, 73, 74, 75, 76, 77, 78, 79, 80, 81, 82, 83, 84, 85, 86, 87, 88, 89, 90, 91, 92, 93, 94, 95, 96, 97, 98, 99, 100, 101, 102, 103, 104, 105, 106, 107, 108, 109, 110, 111, 112, 113, 114, 115, 116, 117, 118, 119, 120, 121, 122, 123, 124, 125, 126, 127, 128, 129, 130, 131, 132, 133, 134, 135, 136, 137, 138, 139, 140, 141, 142, 143, 144, 145, 146, 147, 148, 149, 150, 151, 152, 153, 154, 155, 156, 157, 158, 159, 160, 161, 162, 163, 164, 165, 166, 167, 168, 169, 170, 171, 172, 173, 174, 175, 176, 177, 178, 179, 180, 181, 182, 183, 184, 185, 186, 187, 188, 189, 190, 191, 192, 193, 194, 195, 196, 197, 198, 199, 200], "batch": [1, 1, 1, 1, 1, 1, 1, 1, 1, 1, 1, 1, 1, 1, 1, 1, 1, 1, 1, 1, 1, 1, 1, 1, 1, 1, 1, 1, 1, 1, 1, 1, 1, 1, 1, 1, 1, 1, 1, 1, 1, 1, 1, 1, 1, 1, 1, 1, 1, 1, 1, 1, 1, 1, 1, 1, 1, 1, 1, 1, 1, 1, 1, 1, 1, 1, 1, 1, 1, 1, 1, 1, 1, 1, 1, 1, 1, 1, 1, 1, 1, 1, 1, 1, 1, 1, 1, 1, 1, 1, 1, 1, 1, 1, 1, 1, 1, 1, 1, 1, 1, 1, 1, 1, 1, 1, 1, 1, 1, 1, 1, 1, 1, 1, 1, 1, 1, 1, 1, 1, 1, 1, 1, 1, 1, 1, 1, 1, 1, 1, 1, 1, 1, 1, 1, 1, 1, 1, 1, 1, 1, 1, 1, 1, 1, 1, 1, 1, 1, 1, 1, 1, 1, 1, 1, 1, 1, 1, 1, 1, 1, 1, 1, 1, 1, 1, 1, 1, 1, 1, 1, 1, 1, 1, 1, 1, 1, 1, 1, 1, 1, 1, 1, 1, 1, 1, 1, 1, 1, 1, 1, 1, 1, 1, 1, 1, 1, 1, 1, 1], "loss": [12.6640625, 12.203125, 11.5390625, 11.4921875, 10.578125, 10.4296875, 9.6796875, 9.21875, 8.703125, 8.859375, 7.75390625, 8.1875, 8.0078125, 7.25390625, 7.3125, 6.8359375, 7.48046875, 7.35546875, 7.0078125, 6.44921875, 6.68359375, 7.76171875, 7.58984375, 7.78125, 7.4375, 7.25390625, 7.5078125, 6.546875, 6.70703125, 6.24609375, 6.6328125, 7.3125, 6.38671875, 6.46875, 6.29296875, 6.08203125, 6.890625, 6.359375, 6.1796875, 6.88671875, 5.8671875, 6.4140625, 6.0, 7.28125, 6.14453125, 6.5625, 6.09765625, 6.0078125, 6.41015625, 6.1328125, 5.41015625, 5.640625, 5.4296875, 6.11328125, 6.55859375, 5.61328125, 5.48046875, 5.171875, 6.21484375, 5.53515625, 6.04296875, 6.171875, 6.3203125, 4.95703125, 5.80078125, 5.515625, 6.03125, 5.14453125, 4.7578125, 5.5703125, 5.66796875, 4.9375, 4.83984375, 4.8828125, 4.8125, 4.80859375, 5.1484375, 5.41015625, 5.515625, 6.375, 5.2578125, 5.28125, 5.1484375, 5.515625, 5.4140625, 4.51953125, 4.5625, 5.17578125, 5.41015625, 5.96484375, 5.88671875, 5.80078125, 6.13671875, 5.67578125, 4.68359375, 5.24609375, 4.76953125, 5.6171875, 5.5703125, 5.0625, 5.48828125, 4.78125, 5.53125, 5.08203125, 5.7734375, 4.88671875, 4.76953125, 5.1328125, 5.046875, 5.7890625, 5.43359375, 5.09375, 5.73828125, 4.96875, 4.79296875, 5.09765625, 4.53125, 4.58984375, 4.578125, 5.23828125, 4.6796875, 4.55078125, 5.01953125, 4.80859375, 4.58203125, 4.9140625, 6.265625, 4.95703125, 4.7734375, 4.609375, 4.703125, 5.0703125, 4.7578125, 4.67578125, 4.40625, 5.15625, 5.05078125, 4.3203125, 5.48828125, 5.15625, 5.3046875, 4.703125, 4.671875, 4.375, 4.74609375, 4.859375, 4.7109375, 4.984375, 4.76953125, 4.5703125, 4.93359375, 5.25390625, 5.75, 4.1875, 4.44140625, 4.73828125, 4.24609375, 4.515625, 4.23828125, 4.62890625, 4.58984375, 4.69921875, 5.03125, 4.828125, 4.9765625, 5.58984375, 7.59765625, 7.5234375, 7.24609375, 8.1953125, 9.2265625, 9.7421875, 9.75, 9.5078125, 8.8984375, 7.87109375, 7.390625, 6.9765625, 7.91796875, 8.421875, 8.5859375, 8.4140625, 8.2265625, 8.125, 7.97265625, 8.15625, 8.125, 7.74609375, 7.80859375, 8.2890625, 7.80078125, 8.1875, 7.71484375, 7.84375, 7.80078125, 7.625, 7.62890625, 7.65234375, 7.4921875, 7.734375], "accuracy": []}