{"iteration": [1, 1, 1, 1, 1, 1, 1, 1, 1, 1, 1, 1, 1, 1, 1, 1, 1, 1, 1, 1, 1, 1, 1, 1, 1, 1, 1, 1, 1, 1, 2, 2, 2, 2, 2, 2, 2, 2, 2, 2, 2, 2, 2, 2, 2, 2, 2, 2, 2, 2, 2, 2, 2, 2, 2, 2, 2, 2, 2, 2], "batch": [1, 2, 3, 4, 5, 6, 7, 8, 9, 10, 11, 12, 13, 14, 15, 16, 17, 18, 19, 20, 21, 22, 23, 24, 25, 26, 27, 28, 29, 30, 1, 2, 3, 4, 5, 6, 7, 8, 9, 10, 11, 12, 13, 14, 15, 16, 17, 18, 19, 20, 21, 22, 23, 24, 25, 26, 27, 28, 29, 30], "loss": [12.25103759765625, 12.110640525817871, 11.85157299041748, 11.488504409790039, 11.0166015625, 10.470439910888672, 9.83850383758545, 9.153596878051758, 8.415306091308594, 7.6325225830078125, 6.822140216827393, 5.996791362762451, 5.228577613830566, 4.628493309020996, 4.256502628326416, 4.09004545211792, 4.033590316772461, 4.011202335357666, 4.000452518463135, 3.9982123374938965, 3.9985690116882324, 4.000467777252197, 4.00489616394043, 4.009181022644043, 4.010654449462891, 4.015483379364014, 4.016994476318359, 4.02003288269043, 4.021368980407715, 4.023174285888672, 4.539915561676025, 4.533677577972412, 4.535792827606201, 4.526702404022217, 4.520447731018066, 4.517943382263184, 4.507152557373047, 4.50149393081665, 4.492058753967285, 4.486643314361572, 4.480788230895996, 4.470172882080078, 4.467779159545898, 4.45878267288208, 4.452709674835205, 4.444120407104492, 4.441318988800049, 4.436357498168945, 4.4315924644470215, 4.429939270019531, 4.420382976531982, 4.4170122146606445, 4.418185234069824, 4.41178035736084, 4.40755033493042, 4.402990341186523, 4.396476745605469, 4.397688388824463, 4.392608165740967, 4.38720178604126], "accuracy": []}