{"iteration": [1, 2, 3, 4, 5, 6, 7, 8, 9, 10, 11, 12, 13, 14, 15, 16, 17, 18, 19, 20, 21, 22, 23, 24, 25], "batch": [1, 1, 1, 1, 1, 1, 1, 1, 1, 1, 1, 1, 1, 1, 1, 1, 1, 1, 1, 1, 1, 1, 1, 1, 1], "loss": [12.756719589233398, 12.725852012634277, 12.730464935302734, 12.547609329223633, 12.362677574157715, 11.735404968261719, 11.619109153747559, 11.175312042236328, 10.38144302368164, 9.40865707397461, 7.908781051635742, 6.6514973640441895, 7.62666130065918, 5.706399917602539, 5.599450588226318, 4.100109577178955, 4.125128746032715, 3.8441920280456543, 3.7566170692443848, 3.8205173015594482, 4.819888591766357, 3.6991963386535645, 3.640895366668701, 3.724031925201416, 3.658704996109009], "accuracy": []}