{"iteration": [1, 2, 3, 4, 5, 6, 7, 8, 9, 10, 11, 12, 13, 14, 15, 16, 17, 18, 19, 20, 21, 22, 23, 24, 25, 26, 27, 28, 29, 30, 31, 32, 33, 34, 35, 36, 37, 38, 39, 40, 41, 42, 43, 44, 45, 46, 47, 48, 49, 50, 51, 52, 53, 54, 55, 56, 57, 58, 59, 60, 61, 62, 63, 64, 65, 66, 67, 68, 69, 70, 71, 72, 73, 74, 75, 76, 77, 78, 79, 80, 81, 82, 83, 84, 85, 86, 87, 88, 89, 90, 91, 92, 93, 94, 95, 96, 97, 98, 99, 100], "batch": [1, 1, 1, 1, 1, 1, 1, 1, 1, 1, 1, 1, 1, 1, 1, 1, 1, 1, 1, 1, 1, 1, 1, 1, 1, 1, 1, 1, 1, 1, 1, 1, 1, 1, 1, 1, 1, 1, 1, 1, 1, 1, 1, 1, 1, 1, 1, 1, 1, 1, 1, 1, 1, 1, 1, 1, 1, 1, 1, 1, 1, 1, 1, 1, 1, 1, 1, 1, 1, 1, 1, 1, 1, 1, 1, 1, 1, 1, 1, 1, 1, 1, 1, 1, 1, 1, 1, 1, 1, 1, 1, 1, 1, 1, 1, 1, 1, 1, 1, 1], "loss": [12.016619682312012, 12.032062530517578, 11.800284385681152, 12.012453079223633, 11.696866989135742, 11.267613410949707, 11.093465805053711, 10.444294929504395, 8.966639518737793, 7.942731857299805, 6.6783576011657715, 5.806314945220947, 5.606342792510986, 5.152410984039307, 4.173894882202148, 2.842602491378784, 3.399414300918579, 2.536571741104126, 1.3560082912445068, 1.2574840784072876, 6.3200531005859375, 2.792309284210205, 1.260188341140747, 8.127561569213867, 3.6070051193237305, 5.410533428192139, 8.528911590576172, 6.668510913848877, 7.594911575317383, 10.33668041229248, 2.9536802768707275, 1.2721366882324219, 3.7425384521484375, 3.64737606048584, 0.5220089554786682, 1.0263235569000244, 1.7337441444396973, 2.793104410171509, 2.568908929824829, 1.5564780235290527, 1.8731796741485596, 2.2035319805145264, 2.0892341136932373, 1.948779821395874, 0.5291613936424255, 0.33689069747924805, 0.35243168473243713, 0.3066369593143463, 0.8476127982139587, 1.565912127494812, 2.2705845832824707, 0.6359394788742065, 0.45148786902427673, 0.4937998652458191, 0.6135241389274597, 1.213632345199585, 0.7455684542655945, 1.0030683279037476, 0.7045478224754333, 0.9487389326095581, 1.518995761871338, 1.660467267036438, 1.6427335739135742, 0.4451526999473572, 1.206394910812378, 1.9233012199401855, 2.001100540161133, 1.1795676946640015, 1.2233988046646118, 1.9604923725128174, 1.0833243131637573, 2.469355583190918, 1.7894350290298462, 2.066431760787964, 1.3405473232269287, 1.4779824018478394, 1.88755202293396, 0.8444605469703674, 0.5985110998153687, 0.6395138502120972, 1.2888516187667847, 1.5560520887374878, 1.6277239322662354, 1.2822940349578857, 1.3860454559326172, 1.340736746788025, 1.505462884902954, 1.036975622177124, 1.2673068046569824, 1.0237503051757812, 1.4474034309387207, 1.4312328100204468, 1.402209997177124, 1.7266372442245483, 1.6251907348632812, 0.6458560228347778, 0.4605032205581665, 0.753784716129303, 0.5118868947029114, 0.37982994318008423], "accuracy": []}