{"iteration": [1, 1, 1, 1, 1, 1, 1, 1, 1, 1, 2, 2, 2, 2, 2, 2, 2, 2, 2, 2], "batch": [1, 2, 3, 4, 5, 6, 7, 8, 9, 10, 1, 2, 3, 4, 5, 6, 7, 8, 9, 10], "loss": [11.782771110534668, 11.473176956176758, 10.845643997192383, 9.984710693359375, 8.899457931518555, 7.60535192489624, 6.227451801300049, 4.820261001586914, 3.862849235534668, 3.585484027862549, 1.1598188877105713, 1.156158208847046, 1.1591743230819702, 1.1758036613464355, 1.1971560716629028, 1.2036948204040527, 1.2203328609466553, 1.2299665212631226, 1.248089075088501, 1.2499386072158813], "accuracy": []}