{"iteration": [1, 1, 1, 1, 1, 1, 1, 1, 1, 1, 1, 1, 1, 1, 1, 1, 1, 1, 1, 1, 1, 1, 1, 1, 1, 1, 1, 1, 1, 1, 2, 2, 2, 2, 2, 2, 2, 2, 2, 2, 2, 2, 2, 2, 2, 2, 2, 2, 2, 2, 2, 2, 2, 2, 2, 2, 2, 2, 2, 2], "batch": [1, 2, 3, 4, 5, 6, 7, 8, 9, 10, 11, 12, 13, 14, 15, 16, 17, 18, 19, 20, 21, 22, 23, 24, 25, 26, 27, 28, 29, 30, 1, 2, 3, 4, 5, 6, 7, 8, 9, 10, 11, 12, 13, 14, 15, 16, 17, 18, 19, 20, 21, 22, 23, 24, 25, 26, 27, 28, 29, 30], "loss": [12.964988708496094, 12.80935287475586, 12.511200904846191, 12.080646514892578, 11.528985023498535, 10.885947227478027, 10.165238380432129, 9.362007141113281, 8.51038932800293, 7.6131110191345215, 6.687399864196777, 5.760889530181885, 4.887241840362549, 4.157750606536865, 3.6895031929016113, 3.4726362228393555, 3.3856725692749023, 3.3565964698791504, 3.342200994491577, 3.3383684158325195, 3.339834451675415, 3.3378965854644775, 3.3416876792907715, 3.3462061882019043, 3.3527491092681885, 3.3562967777252197, 3.3613362312316895, 3.3634467124938965, 3.365844964981079, 3.368131399154663, 2.0554819107055664, 2.0509982109069824, 2.0529749393463135, 2.047987461090088, 2.0467689037323, 2.046884298324585, 2.0442299842834473, 2.0426840782165527, 2.0423102378845215, 2.0374057292938232, 2.035520076751709, 2.032402276992798, 2.0322210788726807, 2.0288920402526855, 2.0259158611297607, 2.025402069091797, 2.0210764408111572, 2.0198051929473877, 2.0196003913879395, 2.016767740249634, 2.0127475261688232, 2.0121164321899414, 2.0108015537261963, 2.010526418685913, 2.009660005569458, 2.0089528560638428, 2.005321979522705, 2.00393009185791, 2.0019619464874268, 2.0006492137908936], "accuracy": []}