{"iteration": [1, 2, 3, 4, 5, 6, 7, 8, 9, 10, 11, 12, 13, 14, 15, 16, 17, 18, 19, 20, 21, 22, 23, 24, 25, 26, 27, 28, 29, 30, 31, 32, 33, 34, 35, 36, 37, 38, 39, 40, 41, 42, 43, 44, 45, 46, 47, 48, 49, 50, 51, 52, 53, 54, 55, 56, 57, 58, 59, 60, 61, 62, 63, 64, 65, 66, 67, 68, 69, 70, 71, 72, 73, 74, 75, 76, 77, 78, 79, 80, 81, 82, 83, 84, 85, 86, 87, 88, 89, 90, 91, 92, 93, 94, 95, 96, 97, 98, 99, 100], "batch": [1, 1, 1, 1, 1, 1, 1, 1, 1, 1, 1, 1, 1, 1, 1, 1, 1, 1, 1, 1, 1, 1, 1, 1, 1, 1, 1, 1, 1, 1, 1, 1, 1, 1, 1, 1, 1, 1, 1, 1, 1, 1, 1, 1, 1, 1, 1, 1, 1, 1, 1, 1, 1, 1, 1, 1, 1, 1, 1, 1, 1, 1, 1, 1, 1, 1, 1, 1, 1, 1, 1, 1, 1, 1, 1, 1, 1, 1, 1, 1, 1, 1, 1, 1, 1, 1, 1, 1, 1, 1, 1, 1, 1, 1, 1, 1, 1, 1, 1, 1], "loss": [12.167952537536621, 12.233080863952637, 12.064078330993652, 11.971590995788574, 11.542202949523926, 11.517740249633789, 10.362775802612305, 10.631715774536133, 9.783984184265137, 11.061039924621582, 7.377418518066406, 5.937586784362793, 4.427900314331055, 3.2119948863983154, 5.155984878540039, 3.8209068775177, 4.569242000579834, 4.0922627449035645, 8.901917457580566, 6.5767388343811035, 6.027613639831543, 6.541614532470703, 3.1142213344573975, 7.390664100646973, 5.161043167114258, 4.511617183685303, 6.434540271759033, 4.921072483062744, 5.844161510467529, 6.396004676818848, 8.035246849060059, 10.70163631439209, 7.419047832489014, 4.549278736114502, 7.322605609893799, 6.120502948760986, 5.8196635246276855, 5.681473731994629, 4.1724700927734375, 6.036813735961914, 6.831047058105469, 4.926645755767822, 5.295986652374268, 4.2147650718688965, 5.817384243011475, 3.0620999336242676, 5.024231433868408, 8.808408737182617, 8.351935386657715, 3.765848398208618, 5.2009663581848145, 6.4115729331970215, 7.736258029937744, 6.00199031829834, 4.544067859649658, 4.933199405670166, 3.238297700881958, 5.5201239585876465, 6.034167766571045, 6.144876480102539, 3.147367477416992, 0.37419018149375916, 0.2771776616573334, 0.3878070116043091, 2.1177685260772705, 2.528231620788574, 3.6246252059936523, 0.649319589138031, 1.2215102910995483, 2.3831818103790283, 0.5276468992233276, 0.505393385887146, 0.5847076177597046, 0.39031338691711426, 4.412944316864014, 3.628725528717041, 1.994903326034546, 3.423128843307495, 3.795056104660034, 3.8152079582214355, 2.7066073417663574, 3.302389621734619, 3.567277193069458, 3.619523286819458, 3.017486333847046, 4.095584869384766, 4.31643533706665, 2.76668643951416, 2.3590846061706543, 4.9436469078063965, 4.198750972747803, 4.9696736335754395, 4.7590155601501465, 2.264965772628784, 2.012782573699951, 4.901208400726318, 3.753342390060425, 3.31890606880188, 3.89776873588562, 3.0100560188293457], "accuracy": []}