{"iteration": [1, 2, 3, 4, 5, 6, 7, 8, 9, 10, 11, 12, 13, 14, 15, 16, 17, 18, 19, 20, 21, 22, 23, 24, 25, 26, 27, 28, 29, 30, 31, 32, 33, 34, 35, 36, 37, 38, 39, 40, 41, 42, 43, 44, 45, 46, 47, 48, 49, 50, 51, 52, 53, 54, 55, 56, 57, 58, 59, 60, 61, 62, 63, 64, 65, 66, 67, 68, 69, 70, 71, 72, 73, 74, 75, 76, 77, 78, 79, 80, 81, 82, 83, 84, 85, 86, 87, 88, 89, 90, 91, 92, 93, 94, 95, 96, 97, 98, 99, 100, 101, 102, 103, 104, 105, 106, 107, 108, 109, 110, 111, 112, 113, 114, 115, 116, 117, 118, 119, 120, 121, 122, 123, 124, 125, 126, 127, 128, 129, 130, 131, 132, 133, 134, 135, 136, 137, 138, 139, 140, 141, 142, 143, 144, 145, 146, 147, 148, 149, 150, 151, 152, 153, 154, 155, 156, 157, 158, 159, 160, 161, 162, 163, 164, 165, 166, 167, 168, 169, 170, 171, 172, 173, 174, 175, 176, 177, 178, 179, 180, 181, 182, 183, 184, 185, 186, 187, 188, 189, 190, 191, 192, 193, 194, 195, 196, 197, 198, 199, 200], "batch": [1, 1, 1, 1, 1, 1, 1, 1, 1, 1, 1, 1, 1, 1, 1, 1, 1, 1, 1, 1, 1, 1, 1, 1, 1, 1, 1, 1, 1, 1, 1, 1, 1, 1, 1, 1, 1, 1, 1, 1, 1, 1, 1, 1, 1, 1, 1, 1, 1, 1, 1, 1, 1, 1, 1, 1, 1, 1, 1, 1, 1, 1, 1, 1, 1, 1, 1, 1, 1, 1, 1, 1, 1, 1, 1, 1, 1, 1, 1, 1, 1, 1, 1, 1, 1, 1, 1, 1, 1, 1, 1, 1, 1, 1, 1, 1, 1, 1, 1, 1, 1, 1, 1, 1, 1, 1, 1, 1, 1, 1, 1, 1, 1, 1, 1, 1, 1, 1, 1, 1, 1, 1, 1, 1, 1, 1, 1, 1, 1, 1, 1, 1, 1, 1, 1, 1, 1, 1, 1, 1, 1, 1, 1, 1, 1, 1, 1, 1, 1, 1, 1, 1, 1, 1, 1, 1, 1, 1, 1, 1, 1, 1, 1, 1, 1, 1, 1, 1, 1, 1, 1, 1, 1, 1, 1, 1, 1, 1, 1, 1, 1, 1, 1, 1, 1, 1, 1, 1, 1, 1, 1, 1, 1, 1, 1, 1, 1, 1, 1, 1], "loss": [12.609375, 12.4921875, 12.4375, 12.265625, 12.1171875, 12.0, 11.7890625, 11.59375, 11.546875, 11.2265625, 11.0390625, 10.9921875, 10.59375, 10.8984375, 10.234375, 10.625, 10.5625, 10.4609375, 10.4609375, 10.328125, 10.109375, 10.0234375, 9.7578125, 9.546875, 9.40625, 9.1640625, 9.21875, 9.515625, 8.8359375, 7.7265625, 8.015625, 8.34375, 9.671875, 9.875, 9.8125, 8.90625, 8.703125, 7.73828125, 7.60546875, 7.21875, 10.171875, 10.484375, 9.65625, 9.4609375, 9.3828125, 9.296875, 8.625, 8.453125, 8.6171875, 8.59375, 9.5546875, 9.234375, 9.2578125, 9.015625, 8.8125, 8.828125, 9.1796875, 8.6796875, 8.5859375, 8.7109375, 8.3125, 8.6171875, 8.796875, 8.609375, 8.40625, 8.71875, 8.2265625, 8.1015625, 8.234375, 8.2421875, 7.984375, 7.64453125, 7.3984375, 7.79296875, 7.8828125, 8.15625, 7.98828125, 8.234375, 7.8671875, 7.80078125, 7.96484375, 7.85546875, 7.3828125, 7.875, 7.5859375, 7.921875, 7.64453125, 7.65234375, 7.75, 7.6484375, 7.453125, 7.62890625, 7.90234375, 7.84375, 7.21484375, 7.96484375, 8.109375, 7.140625, 8.0390625, 8.1171875, 6.85546875, 7.4140625, 6.41796875, 6.859375, 6.625, 7.33984375, 6.09375, 6.109375, 6.0, 5.93359375, 5.578125, 7.15625, 6.06640625, 5.98046875, 6.87109375, 7.23046875, 5.7421875, 5.7734375, 6.0546875, 5.4609375, 5.9453125, 5.7265625, 6.1484375, 5.87890625, 5.83203125, 5.46875, 5.6953125, 5.30078125, 5.83203125, 5.64453125, 5.17578125, 5.76953125, 5.765625, 5.2890625, 5.15234375, 5.0546875, 5.5546875, 5.20703125, 5.38671875, 5.26953125, 5.265625, 5.76171875, 5.34375, 6.015625, 5.5546875, 5.3203125, 5.73046875, 4.9140625, 5.28125, 5.6015625, 5.54296875, 5.296875, 4.7265625, 5.3046875, 5.7109375, 5.46875, 5.7265625, 5.57421875, 5.31640625, 4.59375, 4.52734375, 4.42578125, 4.96875, 6.0078125, 5.328125, 4.98828125, 6.07421875, 5.21875, 5.3828125, 5.703125, 5.16796875, 5.1171875, 3.96875, 5.19921875, 4.73828125, 5.296875, 4.7578125, 4.9140625, 5.39453125, 5.38671875, 4.79296875, 5.03125, 5.1328125, 4.515625, 4.79296875, 4.5546875, 4.875, 4.3203125, 4.96484375, 5.2734375, 5.0390625, 5.203125, 4.70703125, 4.74609375, 5.0078125, 4.6953125, 5.03515625, 5.17578125, 4.6796875, 4.60546875], "accuracy": []}