{"iteration": [1, 2, 3, 4, 5, 6, 7, 8, 9, 10, 11, 12, 13, 14, 15, 16, 17, 18, 19, 20, 21, 22, 23, 24, 25, 26, 27, 28, 29, 30, 31, 32, 33, 34, 35, 36, 37, 38, 39, 40, 41, 42, 43, 44, 45, 46, 47, 48, 49, 50, 51, 52, 53, 54, 55, 56, 57, 58, 59, 60, 61, 62, 63, 64, 65, 66, 67, 68, 69, 70, 71, 72, 73, 74, 75, 76, 77, 78, 79, 80, 81, 82, 83, 84, 85, 86, 87, 88, 89, 90, 91, 92, 93, 94, 95, 96, 97, 98, 99, 100], "batch": [1, 1, 1, 1, 1, 1, 1, 1, 1, 1, 1, 1, 1, 1, 1, 1, 1, 1, 1, 1, 1, 1, 1, 1, 1, 1, 1, 1, 1, 1, 1, 1, 1, 1, 1, 1, 1, 1, 1, 1, 1, 1, 1, 1, 1, 1, 1, 1, 1, 1, 1, 1, 1, 1, 1, 1, 1, 1, 1, 1, 1, 1, 1, 1, 1, 1, 1, 1, 1, 1, 1, 1, 1, 1, 1, 1, 1, 1, 1, 1, 1, 1, 1, 1, 1, 1, 1, 1, 1, 1, 1, 1, 1, 1, 1, 1, 1, 1, 1, 1], "loss": [12.922425270080566, 12.746969223022461, 12.454789161682129, 11.88449478149414, 11.17055606842041, 11.21501636505127, 9.681456565856934, 10.120514869689941, 9.15392017364502, 10.803255081176758, 6.364935398101807, 4.805663585662842, 3.2532451152801514, 2.163285970687866, 4.565516471862793, 3.4870288372039795, 4.484562873840332, 4.0915422439575195, 8.950667381286621, 6.572900295257568, 6.043415069580078, 6.579792022705078, 3.1467413902282715, 7.434675216674805, 5.179620265960693, 4.539462566375732, 6.487119674682617, 4.966711044311523, 5.88807487487793, 6.4626874923706055, 8.105874061584473, 10.781489372253418, 7.480222225189209, 4.564545154571533, 7.327932834625244, 6.180729866027832, 5.891115665435791, 5.66226863861084, 4.211162090301514, 6.106268882751465, 6.877555847167969, 4.912071704864502, 5.312766075134277, 4.230555057525635, 5.845726013183594, 3.0691163539886475, 5.0705132484436035, 8.889183044433594, 8.418556213378906, 3.768310546875, 5.219943523406982, 6.453876495361328, 7.783046245574951, 6.035111427307129, 4.56950569152832, 4.93856954574585, 3.2280426025390625, 5.5211615562438965, 6.0434699058532715, 6.219145774841309, 3.1526732444763184, 0.3628294765949249, 0.2704824209213257, 0.368002325296402, 2.133449077606201, 2.535142660140991, 3.607983112335205, 0.6512742638587952, 1.2144464254379272, 2.389403820037842, 0.5259206295013428, 0.5049203038215637, 0.5912760496139526, 0.3877269923686981, 4.409757137298584, 3.635178804397583, 1.9965511560440063, 3.4305570125579834, 3.815241813659668, 3.8075900077819824, 2.7305073738098145, 3.2947704792022705, 3.5800209045410156, 3.6220266819000244, 3.0445609092712402, 4.091958045959473, 4.363391399383545, 2.7782676219940186, 2.375445604324341, 4.948023796081543, 4.2553486824035645, 5.015237331390381, 4.785437107086182, 2.2835044860839844, 2.0321123600006104, 4.923731327056885, 3.770030975341797, 3.3418092727661133, 3.920372724533081, 3.023738384246826], "accuracy": []}