{"iteration": [1, 2, 3, 4, 5, 6, 7, 8, 9, 10, 11, 12, 13, 14, 15, 16, 17, 18, 19, 20, 21, 22, 23, 24, 25], "batch": [1, 1, 1, 1, 1, 1, 1, 1, 1, 1, 1, 1, 1, 1, 1, 1, 1, 1, 1, 1, 1, 1, 1, 1, 1], "loss": [12.641007423400879, 12.642191886901855, 12.640802383422852, 12.46170711517334, 12.330074310302734, 11.695533752441406, 10.94994831085205, 10.746086120605469, 10.214153289794922, 10.82640266418457, 9.749983787536621, 8.6989107131958, 7.817887783050537, 7.747409820556641, 7.51469087600708, 9.903878211975098, 6.550492763519287, 7.031084060668945, 5.898348808288574, 5.231800079345703, 5.95054292678833, 4.842538833618164, 4.546314239501953, 7.079416751861572, 6.185102462768555], "accuracy": []}