{"iteration": [1, 1, 1, 1, 1, 1, 1, 1, 1, 1, 2, 2, 2, 2, 2, 2, 2, 2, 2, 2], "batch": [1, 2, 3, 4, 5, 6, 7, 8, 9, 10, 1, 2, 3, 4, 5, 6, 7, 8, 9, 10], "loss": [10.739831924438477, 10.372873306274414, 9.65074634552002, 8.64146614074707, 7.398680210113525, 5.921697616577148, 4.4039483070373535, 3.2200984954833984, 2.8329644203186035, 2.765613079071045, 5.875497817993164, 5.867639064788818, 5.873610019683838, 5.8948750495910645, 5.8963470458984375, 5.907125949859619, 5.91424036026001, 5.9276509284973145, 5.923919200897217, 5.910440444946289], "accuracy": []}