{"iteration": [1, 2, 3, 4, 5, 6, 7, 8, 9, 10, 11, 12, 13, 14, 15, 16, 17, 18, 19, 20, 21, 22, 23, 24, 25, 26, 27, 28, 29, 30, 31, 32, 33, 34, 35, 36, 37, 38, 39, 40, 41, 42, 43, 44, 45, 46, 47, 48, 49, 50, 51, 52, 53, 54, 55, 56, 57, 58, 59, 60, 61, 62, 63, 64, 65, 66, 67, 68, 69, 70, 71, 72, 73, 74, 75, 76, 77, 78, 79, 80, 81, 82, 83, 84, 85, 86, 87, 88, 89, 90, 91, 92, 93, 94, 95, 96, 97, 98, 99, 100], "batch": [1, 1, 1, 1, 1, 1, 1, 1, 1, 1, 1, 1, 1, 1, 1, 1, 1, 1, 1, 1, 1, 1, 1, 1, 1, 1, 1, 1, 1, 1, 1, 1, 1, 1, 1, 1, 1, 1, 1, 1, 1, 1, 1, 1, 1, 1, 1, 1, 1, 1, 1, 1, 1, 1, 1, 1, 1, 1, 1, 1, 1, 1, 1, 1, 1, 1, 1, 1, 1, 1, 1, 1, 1, 1, 1, 1, 1, 1, 1, 1, 1, 1, 1, 1, 1, 1, 1, 1, 1, 1, 1, 1, 1, 1, 1, 1, 1, 1, 1, 1], "loss": [3.8750555515289307, 4.333441734313965, 3.4766714572906494, 5.660032272338867, 5.00098991394043, 4.373878479003906, 5.821810722351074, 5.202099323272705, 2.968027114868164, 2.6538586616516113, 2.2074172496795654, 2.5263118743896484, 3.6469883918762207, 4.080050468444824, 3.8752880096435547, 3.102065086364746, 3.8186264038085938, 3.0692873001098633, 2.012543201446533, 1.8822436332702637, 6.414383411407471, 3.2062175273895264, 1.7669869661331177, 8.071673393249512, 3.852832794189453, 5.465588569641113, 8.389591217041016, 6.585803985595703, 7.45611047744751, 10.046468734741211, 3.136835813522339, 1.5439000129699707, 3.883209228515625, 3.7793660163879395, 0.8546397089958191, 1.277093768119812, 1.94082510471344, 2.887551784515381, 2.73026967048645, 1.7415794134140015, 2.031886339187622, 2.3301196098327637, 2.226438283920288, 2.1028523445129395, 0.7498103976249695, 0.5580825209617615, 0.560836136341095, 0.5231955051422119, 1.0269105434417725, 1.6876637935638428, 2.35351300239563, 0.7938992977142334, 0.6149763464927673, 0.6518014669418335, 0.756020188331604, 1.3193237781524658, 0.8702979683876038, 1.1112030744552612, 0.8320101499557495, 1.050751805305481, 1.5972468852996826, 1.7405481338500977, 1.7069730758666992, 0.5602779388427734, 1.2822508811950684, 1.968030571937561, 2.037578582763672, 1.2533024549484253, 1.2955334186553955, 2.007725238800049, 1.158962368965149, 2.5007660388946533, 1.83612060546875, 2.1147308349609375, 1.4030449390411377, 1.524755597114563, 1.9364957809448242, 0.9118409156799316, 0.6722171902656555, 0.7080349922180176, 1.341887354850769, 1.610748052597046, 1.6723549365997314, 1.34325110912323, 1.433050274848938, 1.405894160270691, 1.5562920570373535, 1.1001131534576416, 1.3239926099777222, 1.0920474529266357, 1.5020065307617188, 1.4867347478866577, 1.4539132118225098, 1.7856345176696777, 1.6715720891952515, 0.7206975817680359, 0.5276644825935364, 0.8221088647842407, 0.5758338570594788, 0.45229676365852356], "accuracy": []}