{"iteration": [1, 1, 1, 1, 1, 1, 1, 1, 1, 1, 2, 2, 2, 2, 2, 2, 2, 2, 2, 2], "batch": [1, 2, 3, 4, 5, 6, 7, 8, 9, 10, 1, 2, 3, 4, 5, 6, 7, 8, 9, 10], "loss": [4.026243686676025, 3.516042470932007, 3.452901840209961, 3.4250714778900146, 3.395683526992798, 3.372072219848633, 3.3399813175201416, 3.3022358417510986, 3.2656543254852295, 3.2225849628448486, 1.0298889875411987, 1.0143510103225708, 0.9972813725471497, 0.9713216423988342, 0.9524655342102051, 0.9289728999137878, 0.8975869417190552, 0.868406355381012, 0.8381404280662537, 0.8072472810745239], "accuracy": []}