{"iteration": [1, 2, 3, 4, 5, 6, 7, 8, 9, 10, 11, 12, 13, 14, 15, 16, 17, 18, 19, 20, 21, 22, 23, 24, 25, 26, 27, 28, 29, 30, 31, 32, 33, 34, 35, 36, 37, 38, 39, 40, 41, 42, 43, 44, 45, 46, 47, 48, 49, 50, 51, 52, 53, 54, 55, 56, 57, 58, 59, 60, 61, 62, 63, 64, 65, 66, 67, 68, 69, 70, 71, 72, 73, 74, 75, 76, 77, 78, 79, 80, 81, 82, 83, 84, 85, 86, 87, 88, 89, 90, 91, 92, 93, 94, 95, 96, 97, 98, 99, 100], "batch": [1, 1, 1, 1, 1, 1, 1, 1, 1, 1, 1, 1, 1, 1, 1, 1, 1, 1, 1, 1, 1, 1, 1, 1, 1, 1, 1, 1, 1, 1, 1, 1, 1, 1, 1, 1, 1, 1, 1, 1, 1, 1, 1, 1, 1, 1, 1, 1, 1, 1, 1, 1, 1, 1, 1, 1, 1, 1, 1, 1, 1, 1, 1, 1, 1, 1, 1, 1, 1, 1, 1, 1, 1, 1, 1, 1, 1, 1, 1, 1, 1, 1, 1, 1, 1, 1, 1, 1, 1, 1, 1, 1, 1, 1, 1, 1, 1, 1, 1, 1], "loss": [4.311131954193115, 4.806944370269775, 3.9763779640197754, 6.021522045135498, 5.397893905639648, 4.78479528427124, 6.156455039978027, 5.569350719451904, 3.5422699451446533, 3.202061176300049, 2.7708194255828857, 3.0733516216278076, 4.079165935516357, 4.446161270141602, 4.251832485198975, 3.5077438354492188, 4.182608127593994, 3.474661111831665, 2.446218967437744, 2.3142502307891846, 6.607972145080566, 3.5311574935913086, 2.1382617950439453, 8.21231460571289, 4.071117401123047, 5.629231929779053, 8.535734176635742, 6.722622871398926, 7.579033374786377, 10.137734413146973, 3.34128737449646, 1.768904209136963, 4.065061569213867, 3.98303484916687, 1.0785727500915527, 1.4815397262573242, 2.10030460357666, 3.0030980110168457, 2.8665027618408203, 1.9083585739135742, 2.1661481857299805, 2.446160078048706, 2.3478050231933594, 2.2107396125793457, 0.8850529193878174, 0.7072931528091431, 0.6970386505126953, 0.6411567330360413, 1.1257951259613037, 1.7784316539764404, 2.448263168334961, 0.8829816579818726, 0.7082178592681885, 0.7491394281387329, 0.8407095670700073, 1.3809252977371216, 0.9412406086921692, 1.1729295253753662, 0.9067704677581787, 1.1039702892303467, 1.6509264707565308, 1.7746508121490479, 1.7543219327926636, 0.6147769093513489, 1.3274602890014648, 1.9975171089172363, 2.0730979442596436, 1.287683129310608, 1.3285551071166992, 2.0410609245300293, 1.1959171295166016, 2.521657705307007, 1.8636075258255005, 2.1329171657562256, 1.4283537864685059, 1.5513286590576172, 1.9631012678146362, 0.9413148760795593, 0.7066419720649719, 0.7415054440498352, 1.3670579195022583, 1.6291353702545166, 1.6871724128723145, 1.3732179403305054, 1.4700720310211182, 1.4333505630493164, 1.5872364044189453, 1.1359333992004395, 1.350418210029602, 1.1156306266784668, 1.529870629310608, 1.5170543193817139, 1.4789025783538818, 1.813010573387146, 1.7093642950057983, 0.7492967247962952, 0.5613821148872375, 0.8406327962875366, 0.6045270562171936, 0.4793185889720917], "accuracy": []}