{"iteration": [1, 2, 3, 4, 5, 6, 7, 8, 9, 10, 11, 12, 13, 14, 15, 16, 17, 18, 19, 20, 21, 22, 23, 24, 25], "batch": [1, 1, 1, 1, 1, 1, 1, 1, 1, 1, 1, 1, 1, 1, 1, 1, 1, 1, 1, 1, 1, 1, 1, 1, 1], "loss": [7.6863555908203125, 8.457391738891602, 6.899231433868408, 6.595667839050293, 7.872664928436279, 4.666136741638184, 3.5763771533966064, 4.939125061035156, 4.744262218475342, 4.434390544891357, 3.405041217803955, 3.2960212230682373, 5.925276756286621, 4.811420440673828, 5.597833633422852, 4.896049976348877, 5.295295715332031, 5.191197395324707, 5.133118629455566, 5.130293846130371, 5.885688781738281, 4.907000541687012, 4.80897855758667, 4.803135871887207, 4.66372537612915], "accuracy": []}