{"iteration": [1, 1, 1, 1, 1, 1, 1, 1, 1, 1, 1, 1, 1, 1, 1, 1, 1, 1, 1, 1, 1, 1, 1, 1, 1, 1, 1, 1, 1, 1, 2, 2, 2, 2, 2, 2, 2, 2, 2, 2, 2, 2, 2, 2, 2, 2, 2, 2, 2, 2, 2, 2, 2, 2, 2, 2, 2, 2, 2, 2], "batch": [1, 2, 3, 4, 5, 6, 7, 8, 9, 10, 11, 12, 13, 14, 15, 16, 17, 18, 19, 20, 21, 22, 23, 24, 25, 26, 27, 28, 29, 30, 1, 2, 3, 4, 5, 6, 7, 8, 9, 10, 11, 12, 13, 14, 15, 16, 17, 18, 19, 20, 21, 22, 23, 24, 25, 26, 27, 28, 29, 30], "loss": [4.977108955383301, 4.964473724365234, 4.950854301452637, 4.937386512756348, 4.912817478179932, 4.885956287384033, 4.861824989318848, 4.833576679229736, 4.799391269683838, 4.774219512939453, 4.737309455871582, 4.715179443359375, 4.680688381195068, 4.653578281402588, 4.6140642166137695, 4.585786819458008, 4.560594081878662, 4.526174068450928, 4.500190258026123, 4.4720683097839355, 4.4446516036987305, 4.418578624725342, 4.391564846038818, 4.375574588775635, 4.349967002868652, 4.338316440582275, 4.309322834014893, 4.301620006561279, 4.2781782150268555, 4.262731075286865, 4.736536026000977, 4.718257427215576, 4.71068811416626, 4.695619106292725, 4.683337211608887, 4.673140048980713, 4.663396835327148, 4.652690410614014, 4.645050048828125, 4.634596824645996, 4.62941837310791, 4.6237993240356445, 4.61842155456543, 4.609159469604492, 4.599633693695068, 4.597557067871094, 4.590066909790039, 4.587862491607666, 4.5803022384643555, 4.577998638153076, 4.571712493896484, 4.567896366119385, 4.565158843994141, 4.5604472160339355, 4.553393840789795, 4.553979873657227, 4.548232078552246, 4.547520160675049, 4.543562889099121, 4.541574478149414], "accuracy": []}