{"iteration": [1, 2, 3, 4, 5, 6, 7, 8, 9, 10, 11, 12, 13, 14, 15, 16, 17, 18, 19, 20, 21, 22, 23, 24, 25, 26, 27, 28, 29, 30, 31, 32, 33, 34, 35, 36, 37, 38, 39, 40, 41, 42, 43, 44, 45, 46, 47, 48, 49, 50, 51, 52, 53, 54, 55, 56, 57, 58, 59, 60, 61, 62, 63, 64, 65, 66, 67, 68, 69, 70, 71, 72, 73, 74, 75, 76, 77, 78, 79, 80, 81, 82, 83, 84, 85, 86, 87, 88, 89, 90, 91, 92, 93, 94, 95, 96, 97, 98, 99, 100, 101, 102, 103, 104, 105, 106, 107, 108, 109, 110, 111, 112, 113, 114, 115, 116, 117, 118, 119, 120, 121, 122, 123, 124, 125, 126, 127, 128, 129, 130, 131, 132, 133, 134, 135, 136, 137, 138, 139, 140, 141, 142, 143, 144, 145, 146, 147, 148, 149, 150, 151, 152, 153, 154, 155, 156, 157, 158, 159, 160, 161, 162, 163, 164, 165, 166, 167, 168, 169, 170, 171, 172, 173, 174, 175, 176, 177, 178, 179, 180, 181, 182, 183, 184, 185, 186, 187, 188, 189, 190, 191, 192, 193, 194, 195, 196, 197, 198, 199, 200], "batch": [1, 1, 1, 1, 1, 1, 1, 1, 1, 1, 1, 1, 1, 1, 1, 1, 1, 1, 1, 1, 1, 1, 1, 1, 1, 1, 1, 1, 1, 1, 1, 1, 1, 1, 1, 1, 1, 1, 1, 1, 1, 1, 1, 1, 1, 1, 1, 1, 1, 1, 1, 1, 1, 1, 1, 1, 1, 1, 1, 1, 1, 1, 1, 1, 1, 1, 1, 1, 1, 1, 1, 1, 1, 1, 1, 1, 1, 1, 1, 1, 1, 1, 1, 1, 1, 1, 1, 1, 1, 1, 1, 1, 1, 1, 1, 1, 1, 1, 1, 1, 1, 1, 1, 1, 1, 1, 1, 1, 1, 1, 1, 1, 1, 1, 1, 1, 1, 1, 1, 1, 1, 1, 1, 1, 1, 1, 1, 1, 1, 1, 1, 1, 1, 1, 1, 1, 1, 1, 1, 1, 1, 1, 1, 1, 1, 1, 1, 1, 1, 1, 1, 1, 1, 1, 1, 1, 1, 1, 1, 1, 1, 1, 1, 1, 1, 1, 1, 1, 1, 1, 1, 1, 1, 1, 1, 1, 1, 1, 1, 1, 1, 1, 1, 1, 1, 1, 1, 1, 1, 1, 1, 1, 1, 1, 1, 1, 1, 1, 1, 1], "loss": [8.8046875, 8.734375, 8.5390625, 9.0390625, 8.8828125, 9.140625, 8.7109375, 8.671875, 8.75, 9.0859375, 8.5859375, 8.9921875, 8.7890625, 8.6328125, 8.7890625, 8.5703125, 8.75, 8.6953125, 8.703125, 8.546875, 8.6875, 9.203125, 9.03125, 9.2265625, 9.0625, 8.875, 9.171875, 8.78125, 8.8203125, 8.6953125, 8.890625, 9.140625, 8.796875, 8.796875, 8.78125, 8.8203125, 9.0078125, 8.8125, 8.796875, 9.0234375, 8.5859375, 8.90625, 8.75, 9.390625, 8.84375, 9.0234375, 8.8828125, 8.8359375, 9.0546875, 8.828125, 8.578125, 8.6796875, 8.6171875, 8.9140625, 9.0, 8.671875, 8.703125, 8.5859375, 8.9609375, 8.765625, 8.8828125, 8.9921875, 9.1640625, 8.5546875, 8.9765625, 8.78125, 9.0, 8.5625, 8.5234375, 8.859375, 8.796875, 8.5546875, 8.5, 8.5625, 8.5625, 8.53125, 8.7109375, 8.8203125, 8.84375, 9.1640625, 8.796875, 8.734375, 8.75, 8.9296875, 8.84375, 8.4609375, 8.5078125, 8.7734375, 8.75, 9.0703125, 9.1328125, 8.9453125, 9.296875, 8.9921875, 8.5625, 8.765625, 8.546875, 8.890625, 8.9296875, 8.7421875, 9.2890625, 8.484375, 8.9609375, 8.7734375, 9.21875, 8.7109375, 8.6640625, 8.765625, 8.734375, 8.90625, 8.875, 8.65625, 9.0625, 8.6796875, 8.640625, 8.8515625, 8.5703125, 8.5546875, 8.6484375, 8.796875, 8.7578125, 8.6328125, 8.859375, 8.8125, 8.6015625, 8.71875, 9.296875, 8.7265625, 8.640625, 8.625, 8.6484375, 8.8828125, 8.65625, 8.6171875, 8.4765625, 8.8671875, 8.796875, 8.5, 8.9296875, 9.09375, 8.9609375, 8.6328125, 8.59375, 8.5, 8.6171875, 8.6640625, 8.7109375, 8.78125, 8.7421875, 8.6953125, 8.703125, 8.9921875, 9.265625, 8.59375, 8.6640625, 8.625, 8.5625, 8.6875, 8.4921875, 8.734375, 8.671875, 8.6640625, 8.8203125, 8.71875, 8.765625, 8.96875, 9.953125, 9.78125, 9.546875, 10.0625, 10.328125, 10.3671875, 10.3359375, 10.1953125, 10.2265625, 10.09375, 10.2109375, 10.234375, 10.1875, 10.3984375, 10.5234375, 10.3984375, 10.296875, 10.25, 10.34375, 10.4375, 10.34375, 10.265625, 10.28125, 10.3828125, 10.21875, 10.328125, 10.3984375, 10.4375, 10.4375, 10.15625, 9.9609375, 10.234375, 10.1015625, 10.1015625], "accuracy": []}