{"iteration": [1, 2, 3, 4, 5, 6, 7, 8, 9, 10, 11, 12, 13, 14, 15, 16, 17, 18, 19, 20, 21, 22, 23, 24, 25, 26, 27, 28, 29, 30, 31, 32, 33, 34, 35, 36, 37, 38, 39, 40, 41, 42, 43, 44, 45, 46, 47, 48, 49, 50, 51, 52, 53, 54, 55, 56, 57, 58, 59, 60, 61, 62, 63, 64, 65, 66, 67, 68, 69, 70, 71, 72, 73, 74, 75, 76, 77, 78, 79, 80, 81, 82, 83, 84, 85, 86, 87, 88, 89, 90, 91, 92, 93, 94, 95, 96, 97, 98, 99, 100, 101, 102, 103, 104, 105, 106, 107, 108, 109, 110, 111, 112, 113, 114, 115, 116, 117, 118, 119, 120, 121, 122, 123, 124, 125, 126, 127, 128, 129, 130, 131, 132, 133, 134, 135, 136, 137, 138, 139, 140, 141, 142, 143, 144, 145, 146, 147, 148, 149, 150, 151, 152, 153, 154, 155, 156, 157, 158, 159, 160, 161, 162, 163, 164, 165, 166, 167, 168, 169, 170, 171, 172, 173, 174, 175, 176, 177, 178, 179, 180, 181, 182, 183, 184, 185, 186, 187, 188, 189, 190, 191, 192, 193, 194, 195, 196, 197, 198, 199, 200], "batch": [1, 1, 1, 1, 1, 1, 1, 1, 1, 1, 1, 1, 1, 1, 1, 1, 1, 1, 1, 1, 1, 1, 1, 1, 1, 1, 1, 1, 1, 1, 1, 1, 1, 1, 1, 1, 1, 1, 1, 1, 1, 1, 1, 1, 1, 1, 1, 1, 1, 1, 1, 1, 1, 1, 1, 1, 1, 1, 1, 1, 1, 1, 1, 1, 1, 1, 1, 1, 1, 1, 1, 1, 1, 1, 1, 1, 1, 1, 1, 1, 1, 1, 1, 1, 1, 1, 1, 1, 1, 1, 1, 1, 1, 1, 1, 1, 1, 1, 1, 1, 1, 1, 1, 1, 1, 1, 1, 1, 1, 1, 1, 1, 1, 1, 1, 1, 1, 1, 1, 1, 1, 1, 1, 1, 1, 1, 1, 1, 1, 1, 1, 1, 1, 1, 1, 1, 1, 1, 1, 1, 1, 1, 1, 1, 1, 1, 1, 1, 1, 1, 1, 1, 1, 1, 1, 1, 1, 1, 1, 1, 1, 1, 1, 1, 1, 1, 1, 1, 1, 1, 1, 1, 1, 1, 1, 1, 1, 1, 1, 1, 1, 1, 1, 1, 1, 1, 1, 1, 1, 1, 1, 1, 1, 1, 1, 1, 1, 1, 1, 1], "loss": [12.609375, 12.390625, 12.28125, 12.140625, 12.1484375, 11.9765625, 11.8125, 11.7421875, 10.9609375, 11.4140625, 11.328125, 11.2734375, 10.6953125, 11.0390625, 10.984375, 10.8046875, 10.7890625, 10.640625, 10.328125, 10.3046875, 10.0234375, 10.1484375, 10.09375, 9.8203125, 9.1875, 9.9921875, 10.3125, 9.0078125, 9.8515625, 9.90625, 9.4375, 9.734375, 9.421875, 9.3203125, 8.96875, 8.8125, 8.6640625, 8.3984375, 7.16796875, 8.125, 7.72265625, 7.671875, 7.80078125, 8.0390625, 6.9921875, 7.15234375, 7.88671875, 7.69921875, 8.0625, 7.68359375, 7.34765625, 7.40625, 7.734375, 6.7890625, 6.78125, 6.8515625, 7.4765625, 6.984375, 7.26171875, 7.3359375, 6.95703125, 7.5234375, 6.75390625, 6.9453125, 7.46875, 7.08203125, 7.15625, 6.453125, 5.5234375, 6.40234375, 5.93359375, 6.58984375, 6.5234375, 7.0, 6.8203125, 6.41015625, 6.15625, 6.29296875, 6.921875, 6.453125, 6.73046875, 5.8984375, 4.8359375, 4.6171875, 4.390625, 4.25390625, 4.24609375, 4.015625, 3.373046875, 3.51171875, 2.916015625, 4.8828125, 6.49609375, 6.4140625, 6.3046875, 7.23046875, 5.41796875, 5.23828125, 6.29296875, 5.43359375, 6.61328125, 6.5625, 6.546875, 5.44140625, 5.57421875, 6.62109375, 6.44140625, 6.5078125, 6.1640625, 5.98828125, 6.140625, 5.6328125, 5.9921875, 5.57421875, 5.6796875, 6.56640625, 6.11328125, 5.3046875, 6.35546875, 6.7109375, 6.0625, 5.8203125, 5.5, 5.26171875, 6.7265625, 7.32421875, 5.8359375, 6.875, 5.171875, 5.828125, 6.16796875, 5.31640625, 5.47265625, 5.375, 5.2109375, 6.23046875, 5.55859375, 5.26171875, 5.51953125, 5.8046875, 5.3515625, 5.77734375, 5.3125, 6.203125, 5.68359375, 5.73828125, 5.37890625, 5.43359375, 6.12890625, 5.19921875, 5.0625, 4.65234375, 5.8984375, 5.41015625, 5.23828125, 5.91015625, 5.4609375, 4.83203125, 5.5390625, 5.07421875, 5.21875, 4.98046875, 5.13671875, 5.41796875, 5.296875, 5.45703125, 5.97265625, 5.0625, 5.765625, 4.51171875, 5.56640625, 4.96484375, 5.24609375, 4.98046875, 6.0078125, 5.80078125, 6.00390625, 5.79296875, 5.24609375, 5.1484375, 4.9296875, 5.1953125, 3.681640625, 3.611328125, 3.4921875, 3.333984375, 3.306640625, 3.1328125, 2.609375, 2.625, 2.296875, 2.333984375, 4.859375, 5.08203125, 4.97265625, 4.80859375, 6.26953125, 4.8203125, 5.35546875, 4.97265625], "accuracy": []}