{"iteration": [1, 2, 3, 4, 5, 6, 7, 8, 9, 10, 11, 12, 13, 14, 15, 16, 17, 18, 19, 20, 21, 22, 23, 24, 25, 26, 27, 28, 29, 30, 31, 32, 33, 34, 35, 36, 37, 38, 39, 40, 41, 42, 43, 44, 45, 46, 47, 48, 49, 50, 51, 52, 53, 54, 55, 56, 57, 58, 59, 60, 61, 62, 63, 64, 65, 66, 67, 68, 69, 70, 71, 72, 73, 74, 75, 76, 77, 78, 79, 80, 81, 82, 83, 84, 85, 86, 87, 88, 89, 90, 91, 92, 93, 94, 95, 96, 97, 98, 99, 100], "batch": [1, 1, 1, 1, 1, 1, 1, 1, 1, 1, 1, 1, 1, 1, 1, 1, 1, 1, 1, 1, 1, 1, 1, 1, 1, 1, 1, 1, 1, 1, 1, 1, 1, 1, 1, 1, 1, 1, 1, 1, 1, 1, 1, 1, 1, 1, 1, 1, 1, 1, 1, 1, 1, 1, 1, 1, 1, 1, 1, 1, 1, 1, 1, 1, 1, 1, 1, 1, 1, 1, 1, 1, 1, 1, 1, 1, 1, 1, 1, 1, 1, 1, 1, 1, 1, 1, 1, 1, 1, 1, 1, 1, 1, 1, 1, 1, 1, 1, 1, 1], "loss": [11.921789169311523, 11.673673629760742, 11.340583801269531, 10.709404945373535, 10.31283950805664, 10.04175090789795, 10.126293182373047, 9.61428165435791, 9.090879440307617, 7.793631553649902, 4.585727214813232, 2.8090124130249023, 2.3911843299865723, 1.7443156242370605, 1.6882392168045044, 1.7795531749725342, 1.7679040431976318, 0.9660233855247498, 0.9610405564308167, 0.7096356153488159, 1.1908799409866333, 0.8325448036193848, 1.0422672033309937, 1.4281529188156128, 1.151076316833496, 1.245455026626587, 1.893890619277954, 1.887869119644165, 0.8688178062438965, 2.416649341583252, 5.416736602783203, 5.429325103759766, 4.896859169006348, 4.383119106292725, 3.0303895473480225, 2.958181619644165, 1.0009409189224243, 2.579505205154419, 1.6907120943069458, 1.6843786239624023, 1.7163811922073364, 2.1456875801086426, 1.8160654306411743, 1.0867605209350586, 2.3811843395233154, 2.2136170864105225, 2.4662439823150635, 3.8031022548675537, 1.4265992641448975, 0.7067290544509888, 3.254943370819092, 5.015821933746338, 2.643645763397217, 4.491370677947998, 4.66496467590332, 2.2789697647094727, 4.4771833419799805, 2.683448314666748, 3.2522382736206055, 2.324530839920044, 5.143010139465332, 4.95251989364624, 2.4526069164276123, 4.848442554473877, 3.4422810077667236, 3.5328335762023926, 3.197531223297119, 2.11395525932312, 2.899287700653076, 3.885503053665161, 3.5233092308044434, 4.7523722648620605, 3.9049346446990967, 5.238090515136719, 3.781156301498413, 2.9728832244873047, 1.3316603899002075, 1.9802659749984741, 3.467280149459839, 5.45693826675415, 6.075352191925049, 2.8878908157348633, 4.942994594573975, 4.9944281578063965, 4.991673469543457, 3.411350727081299, 3.9868154525756836, 2.0668482780456543, 3.6663224697113037, 3.266859531402588, 3.962947130203247, 3.95477032661438, 4.067545413970947, 3.074932813644409, 3.5127573013305664, 2.304354667663574, 4.374527454376221, 2.122236728668213, 2.037853956222534, 2.1018145084381104], "accuracy": []}