{"iteration": [1, 1, 1, 1, 1, 1, 1, 1, 1, 1, 1, 1, 1, 1, 1, 1, 1, 1, 1, 1, 1, 1, 1, 1, 1, 1, 1, 1, 1, 1, 2, 2, 2, 2, 2, 2, 2, 2, 2, 2, 2, 2, 2, 2, 2, 2, 2, 2, 2, 2, 2, 2, 2, 2, 2, 2, 2, 2, 2, 2], "batch": [1, 2, 3, 4, 5, 6, 7, 8, 9, 10, 11, 12, 13, 14, 15, 16, 17, 18, 19, 20, 21, 22, 23, 24, 25, 26, 27, 28, 29, 30, 1, 2, 3, 4, 5, 6, 7, 8, 9, 10, 11, 12, 13, 14, 15, 16, 17, 18, 19, 20, 21, 22, 23, 24, 25, 26, 27, 28, 29, 30], "loss": [13.045547485351562, 12.849910736083984, 12.468208312988281, 11.930363655090332, 11.250290870666504, 10.44484806060791, 9.531376838684082, 8.533516883850098, 7.45515775680542, 6.339628219604492, 5.19048547744751, 4.071429252624512, 3.095365047454834, 2.4613704681396484, 2.184649705886841, 2.089620590209961, 2.0623340606689453, 2.047487497329712, 2.0442283153533936, 2.0459184646606445, 2.046262741088867, 2.053555727005005, 2.058027505874634, 2.0621626377105713, 2.069376230239868, 2.070518732070923, 2.076241970062256, 2.0820250511169434, 2.0847694873809814, 2.087200403213501, 3.983523368835449, 3.9813904762268066, 3.9814910888671875, 3.9748685359954834, 3.97243595123291, 3.9611029624938965, 3.9570722579956055, 3.9488165378570557, 3.942187547683716, 3.930877208709717, 3.9270741939544678, 3.920854330062866, 3.912809133529663, 3.9070444107055664, 3.904804229736328, 3.897451400756836, 3.8921139240264893, 3.8882253170013428, 3.8847334384918213, 3.8823554515838623, 3.8784701824188232, 3.8763418197631836, 3.871657371520996, 3.869795560836792, 3.864720106124878, 3.8599228858947754, 3.859748125076294, 3.8553566932678223, 3.8506593704223633, 3.8503577709198], "accuracy": []}