{"iteration": [1, 1, 1, 1, 1, 1, 1, 1, 1, 1, 2, 2, 2, 2, 2, 2, 2, 2, 2, 2], "batch": [1, 2, 3, 4, 5, 6, 7, 8, 9, 10, 1, 2, 3, 4, 5, 6, 7, 8, 9, 10], "loss": [11.73426628112793, 11.094834327697754, 9.857747077941895, 8.128667831420898, 5.977596282958984, 3.550269842147827, 1.3391308784484863, 0.498152494430542, 0.40184086561203003, 0.39589303731918335, 4.181390762329102, 4.200162887573242, 4.214134693145752, 4.246363162994385, 4.270456314086914, 4.290154457092285, 4.319426536560059, 4.327757358551025, 4.323046684265137, 4.3148064613342285], "accuracy": []}