{"iteration": [1, 2, 3, 4, 5, 6, 7, 8, 9, 10, 11, 12, 13, 14, 15, 16, 17, 18, 19, 20, 21, 22, 23, 24, 25, 26, 27, 28, 29, 30, 31, 32, 33, 34, 35, 36, 37, 38, 39, 40, 41, 42, 43, 44, 45, 46, 47, 48, 49, 50, 51, 52, 53, 54, 55, 56, 57, 58, 59, 60, 61, 62, 63, 64, 65, 66, 67, 68, 69, 70, 71, 72, 73, 74, 75, 76, 77, 78, 79, 80, 81, 82, 83, 84, 85, 86, 87, 88, 89, 90, 91, 92, 93, 94, 95, 96, 97, 98, 99, 100], "batch": [1, 1, 1, 1, 1, 1, 1, 1, 1, 1, 1, 1, 1, 1, 1, 1, 1, 1, 1, 1, 1, 1, 1, 1, 1, 1, 1, 1, 1, 1, 1, 1, 1, 1, 1, 1, 1, 1, 1, 1, 1, 1, 1, 1, 1, 1, 1, 1, 1, 1, 1, 1, 1, 1, 1, 1, 1, 1, 1, 1, 1, 1, 1, 1, 1, 1, 1, 1, 1, 1, 1, 1, 1, 1, 1, 1, 1, 1, 1, 1, 1, 1, 1, 1, 1, 1, 1, 1, 1, 1, 1, 1, 1, 1, 1, 1, 1, 1, 1, 1], "loss": [13.06013298034668, 13.043773651123047, 13.009556770324707, 12.829229354858398, 12.492124557495117, 12.13614273071289, 11.904797554016113, 11.536537170410156, 11.13736629486084, 10.365830421447754, 8.488288879394531, 7.121657848358154, 6.344353675842285, 5.160408973693848, 4.172723293304443, 3.27602481842041, 2.417062520980835, 1.2085015773773193, 1.0350983142852783, 0.7195021510124207, 1.1717703342437744, 0.8075647950172424, 1.0222806930541992, 1.4024767875671387, 1.138303279876709, 1.2096022367477417, 1.873570203781128, 1.844254732131958, 0.8384570479393005, 2.417231559753418, 5.448605060577393, 5.535394668579102, 4.963294982910156, 4.406681060791016, 3.09846568107605, 3.0211434364318848, 1.0064480304718018, 2.5674803256988525, 1.67751944065094, 1.659542202949524, 1.7277556657791138, 2.1257100105285645, 1.807388424873352, 1.0858341455459595, 2.3600616455078125, 2.2070891857147217, 2.4536073207855225, 3.8169026374816895, 1.4256904125213623, 0.6868317723274231, 3.2464277744293213, 5.005527496337891, 2.666372299194336, 4.499836444854736, 4.664299964904785, 2.2702763080596924, 4.475791931152344, 2.6727511882781982, 3.242718458175659, 2.321307897567749, 5.144119739532471, 4.934220790863037, 2.4407122135162354, 4.850241661071777, 3.4096481800079346, 3.5367648601531982, 3.187013626098633, 2.1098475456237793, 2.9010908603668213, 3.890450954437256, 3.504013776779175, 4.793752670288086, 3.889814615249634, 5.235701560974121, 3.782684087753296, 2.9499781131744385, 1.3319966793060303, 1.9821135997772217, 3.4976768493652344, 5.4750075340271, 6.12645959854126, 2.8680732250213623, 4.98568058013916, 5.010035037994385, 4.980557441711426, 3.401630163192749, 4.013040065765381, 2.0534374713897705, 3.6654491424560547, 3.2756237983703613, 3.9886927604675293, 3.9574966430664062, 4.067392826080322, 3.059096336364746, 3.5004637241363525, 2.2939517498016357, 4.419997215270996, 2.1185083389282227, 2.0150015354156494, 2.1138110160827637], "accuracy": []}