{"iteration": [1, 2, 3, 4, 5, 6, 7, 8, 9, 10, 11, 12, 13, 14, 15, 16, 17, 18, 19, 20, 21, 22, 23, 24, 25], "batch": [1, 1, 1, 1, 1, 1, 1, 1, 1, 1, 1, 1, 1, 1, 1, 1, 1, 1, 1, 1, 1, 1, 1, 1, 1], "loss": [12.799274444580078, 12.799187660217285, 12.673599243164062, 12.39619255065918, 11.865123748779297, 11.8444242477417, 11.415770530700684, 10.717073440551758, 9.927529335021973, 8.497891426086426, 8.91845989227295, 8.205634117126465, 7.288208484649658, 8.837836265563965, 9.518720626831055, 2.9434118270874023, 4.03998327255249, 0.9296005964279175, 2.2759463787078857, 2.075321912765503, 2.0388553142547607, 2.03680419921875, 0.44210195541381836, 0.33834224939346313, 1.2248241901397705], "accuracy": []}