{"iteration": [1, 1, 1, 1, 1, 1, 1, 1, 1, 1, 1, 1, 1, 1, 1, 1, 1, 1, 1, 1, 1, 1, 1, 1, 1, 1, 1, 1, 1, 1, 2, 2, 2, 2, 2, 2, 2, 2, 2, 2, 2, 2, 2, 2, 2, 2, 2, 2, 2, 2, 2, 2, 2, 2, 2, 2, 2, 2, 2, 2], "batch": [1, 2, 3, 4, 5, 6, 7, 8, 9, 10, 11, 12, 13, 14, 15, 16, 17, 18, 19, 20, 21, 22, 23, 24, 25, 26, 27, 28, 29, 30, 1, 2, 3, 4, 5, 6, 7, 8, 9, 10, 11, 12, 13, 14, 15, 16, 17, 18, 19, 20, 21, 22, 23, 24, 25, 26, 27, 28, 29, 30], "loss": [4.39894437789917, 4.389279365539551, 4.369278907775879, 4.3552069664001465, 4.325077056884766, 4.3004302978515625, 4.2644944190979, 4.229817867279053, 4.207421779632568, 4.164173126220703, 4.124485015869141, 4.0926713943481445, 4.061649799346924, 4.023070812225342, 3.984468698501587, 3.9523863792419434, 3.9225265979766846, 3.8857333660125732, 3.853687286376953, 3.8253426551818848, 3.798203468322754, 3.765009880065918, 3.7398412227630615, 3.719942331314087, 3.699305534362793, 3.667409658432007, 3.6543326377868652, 3.6282148361206055, 3.611126661300659, 3.5965209007263184, 2.386965274810791, 2.3659651279449463, 2.352587938308716, 2.3361990451812744, 2.3211398124694824, 2.3045432567596436, 2.2927377223968506, 2.275092363357544, 2.266848564147949, 2.2564845085144043, 2.244570016860962, 2.235170602798462, 2.2251222133636475, 2.214794635772705, 2.2081921100616455, 2.1989290714263916, 2.193013906478882, 2.1854641437530518, 2.180551767349243, 2.173753261566162, 2.1701109409332275, 2.1641385555267334, 2.15785551071167, 2.151829719543457, 2.1510009765625, 2.144355058670044, 2.1390137672424316, 2.1372506618499756, 2.1339008808135986, 2.1290273666381836], "accuracy": []}