{"iteration": [1, 2, 3, 4, 5, 6, 7, 8, 9, 10, 11, 12, 13, 14, 15, 16, 17, 18, 19, 20, 21, 22, 23, 24, 25, 26, 27, 28, 29, 30, 31, 32, 33, 34, 35, 36, 37, 38, 39, 40, 41, 42, 43, 44, 45, 46, 47, 48, 49, 50, 51, 52, 53, 54, 55, 56, 57, 58, 59, 60, 61, 62, 63, 64, 65, 66, 67, 68, 69, 70, 71, 72, 73, 74, 75, 76, 77, 78, 79, 80, 81, 82, 83, 84, 85, 86, 87, 88, 89, 90, 91, 92, 93, 94, 95, 96, 97, 98, 99, 100], "batch": [1, 1, 1, 1, 1, 1, 1, 1, 1, 1, 1, 1, 1, 1, 1, 1, 1, 1, 1, 1, 1, 1, 1, 1, 1, 1, 1, 1, 1, 1, 1, 1, 1, 1, 1, 1, 1, 1, 1, 1, 1, 1, 1, 1, 1, 1, 1, 1, 1, 1, 1, 1, 1, 1, 1, 1, 1, 1, 1, 1, 1, 1, 1, 1, 1, 1, 1, 1, 1, 1, 1, 1, 1, 1, 1, 1, 1, 1, 1, 1, 1, 1, 1, 1, 1, 1, 1, 1, 1, 1, 1, 1, 1, 1, 1, 1, 1, 1, 1, 1], "loss": [3.532111167907715, 6.0091986656188965, 3.643022060394287, 2.0482523441314697, 1.9913650751113892, 5.760708332061768, 2.8927650451660156, 6.1636505126953125, 5.393611907958984, 9.245861053466797, 3.579380512237549, 2.661937713623047, 2.061737298965454, 1.9230809211730957, 4.6240057945251465, 3.9206326007843018, 4.864877700805664, 4.500638008117676, 8.903396606445312, 6.775055408477783, 6.2444682121276855, 6.69078254699707, 3.5409228801727295, 7.487547397613525, 5.352725028991699, 4.737886905670166, 6.563199996948242, 5.10272741317749, 5.957090377807617, 6.508237361907959, 8.012059211730957, 10.580259323120117, 7.419920444488525, 4.696195125579834, 7.326539039611816, 6.213637351989746, 5.907683849334717, 5.702049732208252, 4.315525054931641, 6.143712520599365, 6.86238956451416, 5.016103744506836, 5.378882884979248, 4.339023113250732, 5.905053615570068, 3.2435054779052734, 5.160289287567139, 8.903913497924805, 8.463884353637695, 3.9261555671691895, 5.3646769523620605, 6.543699741363525, 7.8704938888549805, 6.149868965148926, 4.7130255699157715, 5.089304447174072, 3.414022445678711, 5.625355243682861, 6.164363861083984, 6.323887348175049, 3.316042184829712, 0.5654506683349609, 0.47778645157814026, 0.5737465023994446, 2.3024094104766846, 2.6699278354644775, 3.7561841011047363, 0.81740802526474, 1.3600528240203857, 2.542471408843994, 0.6954818367958069, 0.6701725125312805, 0.7449902892112732, 0.55193030834198, 4.546982288360596, 3.766915798187256, 2.117100238800049, 3.575770616531372, 3.9359233379364014, 3.938812017440796, 2.85860276222229, 3.4241249561309814, 3.7271881103515625, 3.759331703186035, 3.1450462341308594, 4.230818271636963, 4.492491722106934, 2.9055702686309814, 2.4859375953674316, 5.096945762634277, 4.367253303527832, 5.160243988037109, 4.928820610046387, 2.40129017829895, 2.1459474563598633, 5.075297832489014, 3.9211721420288086, 3.4720611572265625, 4.06751012802124, 3.150109052658081], "accuracy": []}