{"iteration": [1, 2, 3, 4, 5, 6, 7, 8, 9, 10, 11, 12, 13, 14, 15, 16, 17, 18, 19, 20, 21, 22, 23, 24, 25, 26, 27, 28, 29, 30, 31, 32, 33, 34, 35, 36, 37, 38, 39, 40, 41, 42, 43, 44, 45, 46, 47, 48, 49, 50, 51, 52, 53, 54, 55, 56, 57, 58, 59, 60, 61, 62, 63, 64, 65, 66, 67, 68, 69, 70, 71, 72, 73, 74, 75, 76, 77, 78, 79, 80, 81, 82, 83, 84, 85, 86, 87, 88, 89, 90, 91, 92, 93, 94, 95, 96, 97, 98, 99, 100, 101, 102, 103, 104, 105, 106, 107, 108, 109, 110, 111, 112, 113, 114, 115, 116, 117, 118, 119, 120, 121, 122, 123, 124, 125, 126, 127, 128, 129, 130, 131, 132, 133, 134, 135, 136, 137, 138, 139, 140, 141, 142, 143, 144, 145, 146, 147, 148, 149, 150, 151, 152, 153, 154, 155, 156, 157, 158, 159, 160, 161, 162, 163, 164, 165, 166, 167, 168, 169, 170, 171, 172, 173, 174, 175, 176, 177, 178, 179, 180, 181, 182, 183, 184, 185, 186, 187, 188, 189, 190, 191, 192, 193, 194, 195, 196, 197, 198, 199, 200], "batch": [1, 1, 1, 1, 1, 1, 1, 1, 1, 1, 1, 1, 1, 1, 1, 1, 1, 1, 1, 1, 1, 1, 1, 1, 1, 1, 1, 1, 1, 1, 1, 1, 1, 1, 1, 1, 1, 1, 1, 1, 1, 1, 1, 1, 1, 1, 1, 1, 1, 1, 1, 1, 1, 1, 1, 1, 1, 1, 1, 1, 1, 1, 1, 1, 1, 1, 1, 1, 1, 1, 1, 1, 1, 1, 1, 1, 1, 1, 1, 1, 1, 1, 1, 1, 1, 1, 1, 1, 1, 1, 1, 1, 1, 1, 1, 1, 1, 1, 1, 1, 1, 1, 1, 1, 1, 1, 1, 1, 1, 1, 1, 1, 1, 1, 1, 1, 1, 1, 1, 1, 1, 1, 1, 1, 1, 1, 1, 1, 1, 1, 1, 1, 1, 1, 1, 1, 1, 1, 1, 1, 1, 1, 1, 1, 1, 1, 1, 1, 1, 1, 1, 1, 1, 1, 1, 1, 1, 1, 1, 1, 1, 1, 1, 1, 1, 1, 1, 1, 1, 1, 1, 1, 1, 1, 1, 1, 1, 1, 1, 1, 1, 1, 1, 1, 1, 1, 1, 1, 1, 1, 1, 1, 1, 1, 1, 1, 1, 1, 1, 1], "loss": [10.0703125, 10.4296875, 10.390625, 10.484375, 10.4375, 10.4765625, 10.4140625, 10.46875, 10.4609375, 10.3984375, 10.34375, 10.3828125, 9.953125, 10.3671875, 9.75, 10.3359375, 10.390625, 10.390625, 10.4453125, 10.4921875, 10.375, 10.4296875, 10.25, 10.0234375, 10.125, 10.15625, 10.0, 10.34375, 10.046875, 9.4140625, 9.5078125, 9.53125, 10.25, 10.4453125, 10.53125, 10.0234375, 10.109375, 9.640625, 9.703125, 9.3515625, 10.6875, 10.8671875, 10.59375, 10.5546875, 10.46875, 10.5859375, 10.2421875, 10.1015625, 10.1875, 10.2265625, 10.6484375, 10.59375, 10.578125, 10.5, 10.4765625, 10.4140625, 10.6953125, 10.40625, 10.4140625, 10.5078125, 10.375, 10.5390625, 10.6484375, 10.578125, 10.4453125, 10.625, 10.3828125, 10.234375, 10.25, 10.34375, 10.1328125, 9.484375, 9.40625, 10.125, 10.1640625, 10.265625, 10.2734375, 10.4140625, 10.1796875, 10.125, 10.1640625, 10.1171875, 9.953125, 10.28125, 10.15625, 10.3046875, 10.15625, 10.203125, 10.2109375, 10.2109375, 10.1640625, 10.2734375, 10.21875, 10.203125, 9.953125, 10.3203125, 10.421875, 9.6484375, 10.4375, 10.4765625, 9.0546875, 9.5078125, 9.046875, 9.4296875, 9.171875, 9.5078125, 8.9609375, 8.9375, 8.90625, 8.8828125, 8.8671875, 9.4921875, 9.140625, 9.0390625, 9.390625, 9.640625, 8.9609375, 8.9375, 9.1953125, 8.8515625, 8.96875, 8.953125, 9.2265625, 9.109375, 8.9921875, 8.8359375, 8.8984375, 8.8828125, 9.0078125, 9.015625, 8.7890625, 9.015625, 9.046875, 8.8359375, 8.7578125, 8.8046875, 8.90625, 8.9453125, 9.078125, 8.765625, 8.921875, 9.046875, 8.96875, 9.2265625, 9.15625, 8.9140625, 9.0390625, 8.7578125, 8.890625, 9.0, 9.1484375, 8.921875, 8.6015625, 8.9921875, 9.2265625, 8.9765625, 9.296875, 9.1484375, 9.0546875, 8.8515625, 8.609375, 8.5859375, 8.9140625, 9.34375, 9.140625, 8.890625, 9.46875, 8.9296875, 9.0546875, 9.4296875, 9.0234375, 8.890625, 8.4453125, 8.96875, 8.5859375, 9.2578125, 8.8515625, 9.1171875, 9.28125, 9.4765625, 8.8671875, 9.21875, 9.28125, 9.1484375, 8.84375, 8.75, 8.7265625, 8.7109375, 8.796875, 9.0390625, 8.90625, 9.1328125, 8.75, 8.765625, 8.9296875, 8.90625, 9.21875, 8.875, 8.8828125, 8.75], "accuracy": []}