{"iteration": [1, 2, 3, 4, 5, 6, 7, 8, 9, 10, 11, 12, 13, 14, 15, 16, 17, 18, 19, 20, 21, 22, 23, 24, 25], "batch": [1, 1, 1, 1, 1, 1, 1, 1, 1, 1, 1, 1, 1, 1, 1, 1, 1, 1, 1, 1, 1, 1, 1, 1, 1], "loss": [6.104726791381836, 4.539440155029297, 5.414778709411621, 5.983076095581055, 8.285531044006348, 4.868887901306152, 3.97548246383667, 5.842018127441406, 6.18683385848999, 8.762829780578613, 7.61918306350708, 6.821704864501953, 6.396780490875244, 7.032087802886963, 7.356247901916504, 9.906411170959473, 7.17642879486084, 7.757689476013184, 6.872858047485352, 6.350096225738525, 6.932730674743652, 5.957961082458496, 5.672562599182129, 7.8123555183410645, 7.047170162200928], "accuracy": []}