{"iteration": [1, 1, 1, 1, 1, 1, 1, 1, 1, 1, 2, 2, 2, 2, 2, 2, 2, 2, 2, 2], "batch": [1, 2, 3, 4, 5, 6, 7, 8, 9, 10, 1, 2, 3, 4, 5, 6, 7, 8, 9, 10], "loss": [3.2695882320404053, 2.710747480392456, 2.6672730445861816, 2.6432833671569824, 2.627239227294922, 2.605123519897461, 2.5835444927215576, 2.5649561882019043, 2.533433198928833, 2.5077457427978516, 5.6250104904174805, 5.538453578948975, 5.441006183624268, 5.353700160980225, 5.2501420974731445, 5.143916606903076, 5.032586097717285, 4.926136493682861, 4.802354335784912, 4.6766557693481445], "accuracy": []}