{"iteration": [1, 2, 3, 4, 5, 6, 7, 8, 9, 10, 11, 12, 13, 14, 15, 16, 17, 18, 19, 20, 21, 22, 23, 24, 25, 26, 27, 28, 29, 30, 31, 32, 33, 34, 35, 36, 37, 38, 39, 40, 41, 42, 43, 44, 45, 46, 47, 48, 49, 50, 51, 52, 53, 54, 55, 56, 57, 58, 59, 60, 61, 62, 63, 64, 65, 66, 67, 68, 69, 70, 71, 72, 73, 74, 75, 76, 77, 78, 79, 80, 81, 82, 83, 84, 85, 86, 87, 88, 89, 90, 91, 92, 93, 94, 95, 96, 97, 98, 99, 100], "batch": [1, 1, 1, 1, 1, 1, 1, 1, 1, 1, 1, 1, 1, 1, 1, 1, 1, 1, 1, 1, 1, 1, 1, 1, 1, 1, 1, 1, 1, 1, 1, 1, 1, 1, 1, 1, 1, 1, 1, 1, 1, 1, 1, 1, 1, 1, 1, 1, 1, 1, 1, 1, 1, 1, 1, 1, 1, 1, 1, 1, 1, 1, 1, 1, 1, 1, 1, 1, 1, 1, 1, 1, 1, 1, 1, 1, 1, 1, 1, 1, 1, 1, 1, 1, 1, 1, 1, 1, 1, 1, 1, 1, 1, 1, 1, 1, 1, 1, 1, 1], "loss": [4.047056674957275, 6.328900337219238, 4.197951316833496, 2.7218177318573, 2.693251848220825, 6.168691635131836, 3.5045828819274902, 6.565400123596191, 5.79768705368042, 9.425299644470215, 4.154714107513428, 3.2842323780059814, 2.7211356163024902, 2.559520959854126, 5.0307488441467285, 4.420205593109131, 5.2539448738098145, 4.9191718101501465, 9.095492362976074, 7.009163856506348, 6.491001129150391, 6.941874980926514, 3.8693082332611084, 7.652556419372559, 5.572016716003418, 4.9671502113342285, 6.76538610458374, 5.319973468780518, 6.144204616546631, 6.648149490356445, 8.116119384765625, 10.657744407653809, 7.537479400634766, 4.9212541580200195, 7.453926086425781, 6.361903190612793, 6.045886516571045, 5.836212158203125, 4.460618019104004, 6.2398576736450195, 6.955037593841553, 5.130877494812012, 5.4949493408203125, 4.460752964019775, 5.9988884925842285, 3.379321575164795, 5.25725793838501, 8.957714080810547, 8.53573226928711, 4.016388416290283, 5.442669868469238, 6.616542339324951, 7.903162002563477, 6.203837871551514, 4.785089015960693, 5.159027099609375, 3.5150814056396484, 5.695799350738525, 6.252438545227051, 6.359646320343018, 3.4018852710723877, 0.716984748840332, 0.6230191588401794, 0.7018144130706787, 2.377856492996216, 2.740102767944336, 3.821150302886963, 0.9165505170822144, 1.4565229415893555, 2.6211836338043213, 0.7897639870643616, 0.7545250654220581, 0.8307563662528992, 0.6432833075523376, 4.618405818939209, 3.8256144523620605, 2.1752960681915283, 3.626101016998291, 3.973031520843506, 3.9838712215423584, 2.8917243480682373, 3.476105213165283, 3.749105215072632, 3.787590980529785, 3.1759519577026367, 4.264075756072998, 4.506805896759033, 2.927370309829712, 2.515089750289917, 5.106632709503174, 4.386072635650635, 5.179257392883301, 4.9521589279174805, 2.4197499752044678, 2.179170608520508, 5.10009241104126, 3.93424129486084, 3.489881753921509, 4.092527866363525, 3.1724634170532227], "accuracy": []}